url_length,num_dots,num_hyphens,num_underscores,num_slashes,num_digits,num_params,has_ip,has_https,suspicious_tld,domain_length,num_subdomains,has_at_symbol,has_double_slash,entropy,label
38,1,0,0,1,4,2,0,1,0,15,1,0,0,2.5005629167085326,0
180,8,6,2,6,18,7,0,1,1,36,2,0,0,4.417779342083569,1
64,8,7,3,8,7,5,1,0,0,33,4,0,0,4.92332830588,1
63,4,3,1,4,9,3,1,0,0,22,4,0,0,3.7733541316820935,1
51,8,7,2,4,8,7,0,1,1,24,3,1,1,3.9898111532087532,1
89,7,6,2,9,9,9,1,0,1,23,2,1,0,4.980330404900776,1
178,6,4,3,3,12,4,1,1,1,23,5,1,1,3.996347037278974,1
111,7,4,4,8,15,4,1,0,1,15,2,0,1,4.240693394546586,1
24,1,1,0,2,3,0,0,1,0,5,1,0,0,2.8449133579645753,0
192,5,6,4,7,11,4,1,1,1,39,2,1,1,3.779855088329054,1
124,4,5,1,9,18,2,0,1,0,27,2,0,0,4.301134129063163,1
100,4,5,4,9,15,7,0,0,1,31,3,1,0,4.245872758838578,1
46,1,1,0,1,2,0,0,1,0,11,0,0,0,2.5176068720400244,0
28,2,1,0,1,3,1,0,1,0,8,0,0,0,3.1424294229930765,0
26,1,1,0,1,3,1,0,1,0,5,0,0,0,2.481170097457604,0
142,5,5,4,5,8,4,1,1,0,21,5,1,0,4.27662702579122,1
178,5,5,1,3,6,8,1,1,0,30,3,1,0,3.8912437622456135,1
57,2,1,0,1,4,2,0,0,0,7,1,0,0,3.269991713357459,0
103,3,5,3,3,12,5,1,1,0,39,4,1,0,3.9580457905165902,1
103,5,6,1,6,5,5,0,0,1,22,4,1,0,4.313810345832349,1
31,1,1,0,2,4,2,0,1,0,6,0,0,0,2.7539556396577884,0
160,3,6,4,7,7,5,0,1,0,28,2,1,1,4.92960777053593,1
58,2,0,0,3,2,0,0,0,0,11,0,0,0,2.4753830077344166,0
67,3,3,3,8,14,4,1,0,1,36,4,0,0,4.816059607891933,1
49,1,0,0,3,4,1,0,1,0,13,1,0,0,3.3698608288347067,0
184,3,5,1,6,5,9,1,1,1,37,4,0,0,4.367420211494261,1
100,3,3,3,8,17,7,1,0,0,20,4,0,0,4.283364890082207,1
53,2,0,0,3,3,1,0,0,0,19,0,0,0,2.9561448522473097,0
193,7,3,4,4,18,4,1,0,1,37,3,0,1,4.753970180768309,1
21,1,0,0,2,1,0,0,1,0,10,1,0,0,2.274298995660961,0
10,2,0,0,3,4,1,0,1,0,14,1,0,0,2.2379696714637367,0
78,8,5,1,9,5,7,1,1,1,30,2,0,0,4.15077747385696,1
19,2,0,0,2,3,2,0,0,1,5,1,0,0,2.9880404474284177,0
65,9,3,1,6,15,5,1,0,1,15,2,0,1,4.079153956701162,1
49,2,0,0,1,4,2,0,1,0,6,0,0,0,2.50483132233309,0
57,7,3,2,4,18,3,0,0,1,32,2,1,0,4.126919047573368,1
45,2,0,0,1,2,0,0,1,0,5,0,0,0,2.870816018515865,0
41,1,1,0,1,4,2,0,1,0,5,0,0,0,2.757878558671786,0
135,7,4,3,3,8,5,1,1,0,28,4,1,0,4.447755818254699,1
14,1,1,0,1,3,2,0,1,1,13,0,0,0,2.1368091545730357,0
191,9,3,1,5,11,6,1,0,0,24,3,0,0,3.6261602091724963,1
49,2,0,0,2,2,1,0,0,0,10,0,0,0,2.871958125840173,0
10,2,1,0,1,0,0,0,1,0,19,0,0,0,3.1657203738911552,0
140,4,3,3,9,18,4,0,0,1,34,5,1,1,4.616317485414947,1
22,2,1,0,1,3,0,0,0,0,9,1,0,0,3.203163873540101,0
41,1,0,0,3,4,1,0,1,1,8,0,0,0,3.0431166846599713,0
27,1,0,0,1,0,0,0,1,0,11,0,0,0,3.3728815125036595,0
65,8,5,4,6,9,9,0,1,0,32,5,0,1,4.979316116719405,1
194,3,2,1,6,17,5,0,0,0,20,3,0,0,4.878764827753339,1
105,8,3,3,7,9,8,1,1,1,29,2,0,1,4.089484173468289,1
36,1,0,0,1,1,0,0,1,0,11,1,0,0,3.037571595753368,0
40,1,1,0,3,4,2,0,1,1,14,0,0,0,2.3710221526147963,0
159,3,4,1,7,8,7,1,1,0,22,4,0,0,4.658477587603459,1
59,2,0,0,2,3,0,0,0,0,5,1,0,0,2.720068950527713,0
24,1,0,0,2,1,2,0,1,0,16,1,0,0,2.5258813382098957,0
131,8,4,3,9,6,5,1,0,1,37,3,1,1,3.720610221393557,1
194,4,2,4,6,12,6,1,0,0,25,4,0,0,3.693319582865974,1
25,1,0,0,2,3,0,0,1,0,17,1,0,0,2.2584798068024448,0
100,5,6,1,4,16,3,0,0,0,23,5,0,0,4.255125906282285,1
36,1,1,0,1,0,1,0,0,0,19,1,0,0,2.0916169397822957,0
85,3,2,3,7,8,8,1,1,0,37,3,0,1,3.555024804335897,1
164,9,4,3,9,18,4,1,0,1,17,4,0,0,4.065926244656934,1
88,3,2,3,8,14,7,0,1,1,18,3,1,0,3.6303804321311355,1
31,2,0,0,1,3,2,0,1,0,8,1,0,0,2.911332833440359,0
54,2,0,0,1,0,0,0,0,0,11,1,0,0,2.2410220598893336,0
39,1,1,0,3,0,2,0,0,0,9,1,0,0,3.4958833021525915,0
115,6,5,3,6,19,7,1,0,1,39,3,0,0,3.9199686404904264,1
182,8,3,2,6,7,5,1,0,0,28,5,0,0,4.898021513385402,1
52,1,0,0,2,1,1,0,1,0,6,0,0,0,3.02685732181975,0
114,9,6,1,3,13,4,1,1,1,31,2,1,1,3.686445835228317,1
186,4,5,3,5,5,9,1,0,1,25,2,1,1,4.737699015039196,1
14,1,0,0,2,1,1,0,1,0,13,1,0,0,3.2248991592073657,0
49,2,1,0,3,4,1,0,1,0,5,0,0,0,2.5330436777275938,0
11,2,0,0,3,2,1,0,1,0,12,1,0,0,2.208908108995081,0
56,1,0,0,2,2,0,0,0,0,9,0,0,0,3.1159194388590157,0
135,4,3,1,5,14,2,0,0,0,27,5,0,0,4.309790955669255,1
56,2,1,0,1,1,2,0,1,0,8,1,0,0,2.3776985883604294,0
29,1,1,0,2,1,1,0,1,1,12,1,0,0,2.15119190452383,0
56,2,1,0,3,3,0,0,1,0,14,0,0,0,2.8644325402502195,0
186,8,4,1,8,12,2,1,0,0,35,3,1,0,4.8812628239260585,1
49,1,0,0,3,0,0,0,1,0,9,1,0,0,2.500248757536716,0
34,2,0,0,2,1,2,0,1,0,5,1,0,0,2.336907234409973,0
74,9,5,2,7,12,2,1,0,1,32,2,0,1,4.18848348202552,1
167,8,5,3,7,12,2,0,0,0,33,4,1,0,4.202347742662069,1
54,1,1,0,3,1,0,0,1,0,6,1,0,0,2.661144120407342,0
112,6,2,4,7,11,8,1,0,1,16,5,1,1,4.759683289184856,1
38,2,0,0,1,2,2,0,1,0,10,0,0,0,3.199874128059784,0
42,2,0,0,2,2,1,0,1,0,8,1,0,0,3.0021277048559694,0
23,1,0,0,2,1,2,0,1,0,17,0,0,0,2.8745623414545385,0
131,4,2,3,7,8,4,0,0,1,26,5,0,0,4.328070771277971,1
102,6,4,4,4,10,5,0,1,1,28,4,1,0,3.533703962480176,1
58,4,6,1,9,13,7,1,0,0,27,3,0,0,4.871448209840748,1
51,2,0,0,2,1,0,0,1,0,16,0,0,0,2.1598680951930116,0
76,3,7,3,4,16,6,1,0,1,35,5,1,0,4.030807064841874,1
156,3,4,1,6,7,3,0,1,1,18,2,1,1,4.923960195586648,1
56,2,1,0,2,4,0,0,1,0,7,0,0,0,3.262294490465065,0
54,1,1,0,1,1,1,0,0,0,5,0,0,0,2.7432369743092977,0
49,2,0,0,3,2,2,0,0,0,7,1,0,0,2.0078807278375774,0
68,7,5,3,5,5,6,1,1,1,26,3,1,1,4.458424078001393,1
32,1,1,0,2,0,1,0,1,0,14,0,0,0,3.41608900952992,0
41,2,1,0,3,0,2,0,1,0,11,1,0,0,2.1807838681796965,0
18,1,1,0,2,2,2,0,1,0,8,0,0,0,2.682715527554234,0
51,1,0,0,2,2,0,0,0,0,12,1,0,0,3.0871501572931423,0
88,9,2,4,7,10,2,1,0,1,26,3,0,0,4.9855119700126656,1
22,1,1,0,3,2,2,0,0,0,5,0,0,0,2.0563951598093912,0
65,6,2,2,8,13,8,1,1,0,17,2,0,0,3.9444621806839852,1
86,3,2,1,8,19,2,0,0,0,19,2,0,0,4.973495772620122,1
55,2,0,0,2,4,1,0,0,1,15,1,0,0,3.4140976612026885,0
54,2,1,0,3,1,0,0,1,0,7,1,0,0,2.525187888750095,0
56,1,0,0,1,2,1,0,1,0,7,1,0,0,2.73677951130294,0
33,1,1,0,3,4,0,0,1,0,18,0,0,0,2.1372302560966325,0
12,1,1,0,1,0,2,0,1,0,13,0,0,0,2.9828629709585326,0
20,1,1,0,3,2,0,0,0,0,9,1,0,0,2.164203290081681,0
130,4,6,4,8,17,4,1,0,1,27,2,1,0,4.802241206077321,1
146,5,4,4,3,17,4,0,1,0,20,5,0,1,4.807765291617848,1
40,1,1,0,2,2,0,0,1,0,8,1,0,0,3.248201266936613,0
21,1,1,0,1,2,0,0,1,0,6,1,0,0,2.0136086069790875,0
44,2,1,0,3,1,0,0,1,0,16,0,0,0,3.398042158265026,0
31,2,1,0,2,3,2,0,0,0,5,1,0,0,2.7103608326526327,0
169,5,3,2,8,19,6,1,1,1,26,4,0,1,4.057750293858087,1
107,9,3,2,8,6,6,1,0,1,29,4,1,0,4.759920747008708,1
23,2,1,0,3,2,2,0,1,0,16,0,0,0,3.4154238802513985,0
150,5,5,2,5,13,6,1,0,1,29,3,0,0,4.477500238063827,1
67,9,5,4,5,12,5,0,1,1,29,4,1,1,4.439330482447123,1
73,6,3,3,6,18,8,1,0,0,26,5,0,0,4.237391820112156,1
31,2,0,0,1,1,2,0,1,0,9,1,0,0,3.020684939538988,0
159,9,7,4,5,17,2,1,1,0,36,4,0,0,4.97999388990072,1
129,8,7,4,6,5,3,1,1,0,15,2,1,0,4.736771070345251,1
199,9,3,2,9,14,7,1,1,0,26,2,1,0,4.844331954027558,1
15,1,0,0,3,0,1,0,1,1,16,1,0,0,3.175134088912422,0
16,1,1,0,2,1,1,0,1,0,13,1,0,0,3.097384282632998,0
27,2,1,0,3,3,0,0,1,0,7,0,0,0,2.7052738890449977,0
17,1,0,0,1,2,1,0,0,0,9,1,0,0,2.8137179535790513,0
12,2,1,0,3,2,0,0,0,0,5,0,0,0,2.6939344351089742,0
73,6,6,4,6,16,7,1,0,1,23,5,0,0,4.409283070341758,1
43,2,1,0,3,1,2,0,1,1,16,0,0,0,2.934449875345224,0
70,9,2,3,4,12,5,1,0,0,28,3,0,1,4.238416784672053,1
109,7,7,4,9,13,5,1,0,0,39,5,0,1,3.9877850963370425,1
94,9,4,2,5,10,7,1,0,1,23,2,0,0,4.922875032277151,1
29,2,0,0,3,4,2,0,1,0,5,1,0,0,3.2085052294250795,0
160,9,7,4,5,17,5,0,0,1,34,3,0,0,4.178298542425153,1
14,1,0,0,3,3,1,0,1,0,15,0,0,0,2.0260696852782196,0
59,1,0,0,3,2,1,0,1,0,11,1,0,0,2.199071980728916,0
129,4,3,4,9,12,3,0,1,0,20,2,1,0,4.49244852555672,1
35,1,1,0,2,1,1,0,1,0,12,0,0,0,2.0455805895452555,0
138,8,5,1,3,7,8,1,0,1,16,3,0,0,4.799658001291468,1
57,1,0,0,1,4,2,0,1,0,17,1,0,0,2.490549742344858,0
68,8,3,2,7,13,8,1,1,0,36,4,0,0,4.049692302307097,1
24,1,0,0,1,0,0,0,1,0,16,1,0,0,2.1097938856526657,0
17,2,1,0,2,1,1,0,1,0,12,1,0,0,3.270751042058861,0
166,7,3,1,6,9,3,1,0,1,25,5,0,1,4.573236360648911,1
54,1,0,0,3,4,2,0,1,1,19,1,0,0,3.4016540402082716,0
68,4,7,1,6,9,5,1,1,1,22,5,0,1,4.099857810206235,1
13,2,0,0,2,2,2,0,1,0,17,0,0,0,3.063569392583649,0
91,6,5,4,8,11,7,1,0,1,27,4,0,0,4.390307853684721,1
58,9,3,4,4,13,6,1,1,1,19,5,0,1,4.135607380473144,1
138,4,4,4,4,5,8,1,0,1,16,2,0,0,3.5354578790695044,1
44,2,0,0,3,1,0,0,1,0,18,0,0,0,3.481678280322331,0
16,1,1,0,3,1,1,0,1,0,15,0,0,0,2.511635036711331,0
68,6,3,2,4,11,6,0,0,1,17,2,0,0,4.032494458747906,1
62,3,5,2,6,9,5,0,0,1,32,4,0,0,3.999502869587297,1
179,9,5,2,8,5,4,1,0,0,26,3,1,0,4.535007336230999,1
25,2,1,0,2,0,2,0,1,0,16,1,0,0,3.1931749411845938,0
79,7,5,3,8,9,5,1,0,1,35,5,0,0,4.632905630745212,1
25,2,1,0,2,4,1,0,0,0,17,1,0,0,2.571364288266481,0
124,5,5,2,9,14,5,1,0,1,29,3,0,0,4.251729498773015,1
51,2,1,0,1,2,1,0,1,0,10,0,0,0,3.185045654460592,0
63,3,6,3,4,15,3,0,1,1,24,2,0,0,3.970591536791144,1
23,1,1,0,2,4,2,0,1,0,17,0,0,0,2.182642866687912,0
43,2,0,0,3,3,0,0,1,1,16,0,0,0,3.404673760825491,0
195,7,5,3,8,17,4,1,1,0,33,2,1,0,3.5872456932582137,1
59,1,0,0,3,0,2,0,1,0,13,1,0,0,2.4549127213513935,0
16,2,1,0,1,3,2,0,1,0,16,1,0,0,2.2606288934934415,0
173,8,3,3,7,8,8,1,0,0,36,3,0,0,4.945733413223526,1
11,2,0,0,1,4,1,0,1,0,9,0,0,0,2.4852505923672106,0
131,7,6,4,6,5,4,0,1,1,37,2,0,0,3.98701389033509,1
131,5,2,1,6,17,7,1,1,0,31,5,0,1,4.156404686083087,1
42,2,1,0,2,3,0,0,1,0,12,0,0,0,2.6751866486296394,0
24,1,1,0,3,4,2,0,0,1,11,0,0,0,2.0717462305911583,0
136,5,2,1,5,12,4,0,1,1,28,5,0,1,4.492055916605621,1
100,5,3,1,7,18,7,1,0,0,30,5,1,1,3.841763626314665,1
11,1,1,0,3,0,1,0,1,0,13,1,0,0,2.7173829418638857,0
59,2,0,0,3,1,1,0,1,1,16,1,0,0,2.1921436195493,0
26,2,1,0,3,0,0,0,1,0,14,0,0,0,2.245525702197952,0
81,5,7,1,7,7,3,1,1,1,23,4,0,1,4.19080924591121,1
95,8,5,4,5,10,7,1,1,0,32,3,0,1,4.726677994785417,1
24,1,0,0,1,2,0,0,1,0,19,1,0,0,2.847532989288524,0
39,1,1,0,3,0,0,0,0,0,12,0,0,0,3.1125680922693952,0
10,2,1,0,3,1,1,0,1,0,18,0,0,0,2.9224673605116984,0
161,7,2,4,6,10,3,1,0,1,28,2,1,0,3.9903974245071185,1
40,1,1,0,3,4,1,0,1,0,8,1,0,0,3.329293670697612,0
35,1,1,0,1,4,1,0,1,0,13,0,0,0,2.1394859597346985,0
16,2,0,0,2,2,0,0,1,0,8,1,0,0,2.905231499894682,0
131,5,5,4,5,5,8,0,0,0,20,2,1,0,4.160298496933236,1
143,9,2,3,3,6,8,0,0,1,25,2,1,1,4.1318720799411075,1
197,9,4,3,8,19,7,1,1,1,19,2,0,1,3.747941166455262,1
58,2,1,0,2,4,1,0,1,0,9,0,0,0,2.3889451382986606,0
118,7,6,4,3,9,3,1,1,1,21,4,0,0,4.594262342978595,1
90,8,7,4,6,16,2,1,1,1,38,5,0,0,3.9135797796433285,1
37,2,1,0,2,1,0,0,1,0,17,1,0,0,2.050420400274924,0
131,4,4,1,7,8,3,1,0,1,32,5,0,1,4.340252275192763,1
30,2,1,0,2,0,0,0,1,0,7,0,0,0,2.29714644913961,0
98,5,4,1,7,16,2,0,0,1,24,2,1,0,4.28508636706155,1
43,2,1,0,3,0,2,0,1,0,10,1,0,0,2.687450962292985,0
19,1,0,0,2,0,1,0,0,0,7,0,0,0,3.1239255690436645,0
137,9,7,4,5,14,4,0,1,0,21,2,0,0,4.635127258532952,1
192,7,7,4,6,18,4,1,0,1,31,4,0,0,4.015494788913655,1
146,4,5,3,8,11,5,1,0,0,19,4,0,0,3.6410541566513994,1
90,6,6,1,9,13,8,0,1,1,34,3,1,0,4.785768885498129,1
36,2,0,0,2,0,0,0,0,0,16,1,0,0,2.228156424833409,0
159,8,4,4,3,16,4,1,1,1,37,2,0,1,3.7489323429436774,1
108,9,4,1,3,7,2,0,1,0,19,4,0,1,4.728595270792484,1
183,5,5,4,3,15,3,1,0,0,16,3,1,0,3.760642389703616,1
37,2,1,0,2,0,0,0,1,1,7,0,0,0,2.2868906268718803,0
32,2,1,0,2,0,0,0,1,0,15,0,0,0,2.0466733998760365,0
25,2,1,0,3,3,2,0,0,0,16,0,0,0,3.25556168786441,0
12,2,1,0,1,4,2,0,1,0,8,1,0,0,3.3554117665201924,0
48,1,0,0,1,1,2,0,1,0,11,0,0,0,2.1664842038202217,0
95,8,7,4,7,12,7,1,1,0,34,2,0,1,4.877114828298726,1
31,2,0,0,3,2,2,0,1,0,8,0,0,0,3.444215535611039,0
18,1,1,0,3,0,2,0,1,0,10,0,0,0,2.8110477149673656,0
79,3,2,4,6,13,7,1,0,0,23,5,0,1,4.81589264423927,1
55,2,0,0,3,4,1,0,1,0,7,0,0,0,3.4931562742869646,0
198,7,5,1,5,16,2,1,0,0,17,2,0,1,3.5377129374159093,1
56,2,1,0,2,3,1,0,1,0,14,1,0,0,2.6650700215687815,0
70,5,7,4,3,17,4,0,0,0,36,5,0,1,4.925796578879305,1
140,9,2,1,9,10,7,1,0,0,20,3,1,0,4.204462662021063,1
38,1,0,0,3,2,0,0,1,0,17,1,0,0,3.2812039964757567,0
17,1,1,0,1,1,2,0,1,0,18,1,0,0,2.4402332348121822,0
58,7,2,1,3,12,6,1,0,1,27,5,1,1,3.6972336798469723,1
94,3,5,3,6,12,9,1,0,1,15,2,1,1,4.582090176659433,1
36,2,0,0,2,4,2,0,0,0,6,1,0,0,2.1717314570988577,0
176,6,3,1,5,19,5,1,1,1,33,4,1,0,4.469144262507594,1
100,5,6,2,8,6,4,1,1,1,34,3,0,1,3.599665766533662,1
143,4,2,1,8,16,4,1,0,0,19,2,1,0,4.199911677045824,1
87,6,6,2,5,6,5,1,0,0,26,3,0,0,4.36889953073079,1
32,2,0,0,2,2,0,0,0,0,12,0,0,0,2.7675220798722675,0
56,6,6,4,3,5,8,0,0,1,17,4,0,1,4.3939832632752225,1
47,2,0,0,2,3,1,0,1,0,17,1,0,0,2.7283845494890966,0
137,5,4,3,7,8,3,0,0,0,24,4,0,1,4.1877845133228355,1
171,7,6,2,6,9,4,1,1,1,31,2,0,1,4.084222842353631,1
41,2,1,0,1,4,0,0,1,0,10,0,0,0,3.2504749429063784,0
12,2,1,0,1,2,1,0,0,0,16,0,0,0,3.449626078799611,0
13,1,0,0,3,4,2,0,0,0,8,0,0,0,3.173582494190131,0
27,2,1,0,1,1,2,0,1,0,16,0,0,0,2.7133190562302403,0
167,5,4,1,4,15,7,1,1,0,25,4,0,1,3.9136513523770353,1
61,8,2,3,5,14,9,0,1,1,37,3,0,0,4.344067548533509,1
24,1,0,0,1,2,1,0,1,0,15,1,0,0,2.665183754572856,0
56,2,0,0,1,2,2,0,0,0,5,0,0,0,3.2704532813105907,0
121,5,7,3,5,9,6,1,0,1,32,5,1,0,4.808072507670511,1
91,8,6,4,6,6,2,0,0,1,29,4,1,1,4.742703949173675,1
39,1,0,0,1,3,0,0,1,0,17,1,0,0,3.405636542688192,0
177,3,2,4,5,6,8,0,0,0,18,3,0,0,4.323695504415759,1
83,7,6,3,5,10,9,1,0,1,30,3,0,0,4.104309923948955,1
40,2,1,0,3,2,2,0,1,0,15,1,0,0,2.482243551871823,0
48,1,0,0,1,4,0,0,1,0,13,0,0,0,2.1843810176980814,0
32,2,1,0,2,1,1,0,0,0,18,1,0,0,3.0709289487598848,0
102,9,7,2,9,8,6,1,1,1,28,3,0,1,3.581498052234356,1
98,9,2,3,3,14,6,0,0,1,37,5,1,0,3.8702358038028533,1
38,2,0,0,1,0,2,0,1,0,16,1,0,0,3.183398707664011,0
22,1,0,0,2,3,2,0,0,0,14,0,0,0,2.5814732081834704,0
34,2,0,0,2,4,0,0,1,0,12,1,0,0,2.1944009767931627,0
74,8,2,1,6,7,4,1,0,0,30,4,0,0,4.186549407738941,1
154,6,2,1,4,9,6,1,1,0,20,4,1,1,4.694360893344282,1
54,1,1,0,1,3,1,0,1,1,16,0,0,0,3.0232908209399154,0
114,6,6,4,5,7,6,0,0,1,26,4,1,0,4.068641073007904,1
51,8,2,4,8,14,4,1,0,1,36,5,0,0,4.9452488613313825,1
139,8,2,4,9,16,9,1,0,1,36,2,0,0,4.051600476207665,1
15,1,1,0,1,0,0,0,1,0,13,1,0,0,2.8559744358214023,0
92,7,5,1,9,8,8,1,0,1,37,2,0,0,3.7284916784940183,1
147,4,5,1,9,16,8,1,0,1,37,2,0,1,4.466886762113515,1
77,8,2,1,5,14,5,1,1,1,27,4,0,1,4.453932060745593,1
40,2,0,0,3,0,0,0,1,0,10,1,0,0,2.8082195135594286,0
50,2,1,0,2,0,1,0,0,0,15,1,0,0,2.2014122763534134,0
64,7,3,1,8,9,7,0,1,1,24,3,0,0,3.748624669730234,1
17,2,0,0,3,3,0,0,0,1,6,0,0,0,2.5877874446136184,0
119,3,5,3,6,12,9,1,0,0,19,2,1,0,3.8209355580323554,1
183,6,5,3,7,15,6,1,1,1,16,3,1,0,4.215350159701955,1
143,3,4,3,3,15,5,1,1,1,23,2,0,0,4.8892911026476735,1
153,4,4,2,7,15,2,1,1,0,18,2,0,1,4.932270489557702,1
41,1,0,0,3,0,2,0,1,0,7,0,0,0,3.4263928917538227,0
35,2,0,0,2,4,0,0,1,0,8,0,0,0,2.36059836934026,0
158,6,5,3,4,15,4,1,0,1,36,3,0,0,4.147070973161112,1
188,5,6,3,6,14,4,0,0,1,21,3,1,0,4.670548254510322,1
133,9,3,4,7,17,9,0,0,1,28,2,0,0,4.819244856092189,1
12,1,1,0,3,4,1,0,1,0,8,0,0,0,2.77348910878468,0
32,1,1,0,3,4,0,0,1,0,13,0,0,0,2.88564663473404,0
103,8,6,1,4,12,8,0,0,1,33,3,1,1,3.8364402249275678,1
45,1,0,0,1,4,2,0,1,0,9,0,0,0,2.3792204091338007,0
23,1,1,0,3,3,2,0,1,0,10,0,0,0,2.2244021742904287,0
108,9,3,2,5,6,8,1,0,1,36,2,0,1,4.448239248779686,1
30,1,1,0,1,0,2,0,1,0,13,0,0,0,3.2412594798098318,0
64,9,4,2,3,19,8,0,1,0,16,4,0,0,3.8200900219635345,1
101,7,4,1,9,5,5,1,0,1,31,4,0,0,4.080855906767144,1
195,3,4,3,6,7,9,1,1,1,37,5,0,0,4.559289774445038,1
58,2,0,0,1,0,0,0,1,0,17,1,0,0,3.200005222645522,0
28,2,1,0,3,2,1,0,1,0,16,0,0,0,2.474824497901805,0
164,3,6,4,9,18,9,1,1,1,33,3,0,0,3.7803716609126923,1
175,7,4,1,5,16,2,1,0,1,19,3,0,0,3.625879303732144,1
28,2,0,0,3,1,1,0,1,1,17,1,0,0,3.0072187230008103,0
32,2,0,0,3,4,0,0,1,1,13,0,0,0,2.0172209896240667,0
66,4,7,2,7,16,7,1,0,1,31,4,0,0,4.408224003821607,1
138,5,3,4,4,10,7,0,0,0,29,3,0,0,4.543696216483167,1
29,1,0,0,2,4,1,0,1,0,15,1,0,0,2.6760297124083694,0
97,8,2,3,6,15,5,0,0,0,39,3,0,0,4.908585643950781,1
31,2,1,0,2,0,0,0,1,0,8,0,0,0,2.3796523087694132,0
132,3,3,4,3,17,7,0,1,1,31,3,0,0,3.6389382245770507,1
30,1,0,0,3,3,0,0,1,0,7,1,0,0,2.343757926821243,0
50,2,1,0,1,0,0,0,1,0,19,1,0,0,2.3725643905547003,0
55,1,0,0,2,2,0,0,1,0,5,0,0,0,2.8922048220166845,0
97,9,3,2,8,19,4,1,0,1,17,3,0,0,4.981489388511878,1
122,7,7,3,3,11,2,1,1,1,32,5,1,0,4.810584380273338,1
47,2,1,0,2,3,2,0,1,0,6,0,0,0,2.43857466561829,0
22,2,1,0,3,4,2,0,1,1,19,0,0,0,3.1466610921132565,0
170,3,7,2,7,17,6,1,1,1,17,2,1,0,4.708766798926749,1
13,2,1,0,3,1,2,0,1,0,14,1,0,0,3.308953703820253,0
55,2,0,0,1,3,1,0,1,0,11,1,0,0,3.3144791497134674,0
18,2,0,0,1,2,2,0,0,0,14,0,0,0,3.256862562277705,0
25,1,1,0,1,0,0,0,1,0,18,1,0,0,2.344397241130953,0
54,1,0,0,1,1,0,0,1,0,10,1,0,0,2.1253315062660345,0
52,2,1,0,3,1,1,0,1,0,6,0,0,0,2.3178414956601636,0
23,1,0,0,3,2,1,0,1,1,12,0,0,0,2.835317664758144,0
42,2,0,0,3,2,1,0,1,0,17,1,0,0,2.491328247770199,0
10,2,0,0,3,4,0,0,1,1,11,1,0,0,3.470653355405558,0
16,1,0,0,2,0,2,0,1,0,9,0,0,0,2.0271860615685946,0
52,1,0,0,1,2,2,0,1,0,14,1,0,0,3.3223451824111354,0
122,3,6,1,8,13,4,0,0,1,33,4,1,1,4.199464634210255,1
55,2,0,0,2,2,1,0,0,0,16,0,0,0,2.812641446401345,0
128,6,5,1,3,17,3,1,1,1,24,2,0,0,4.593852114370464,1
108,9,7,4,5,16,5,0,0,1,25,3,0,0,3.507970213502519,1
110,9,2,4,3,14,3,1,1,1,34,2,0,0,4.569853802125005,1
16,2,0,0,3,3,1,0,1,1,11,0,0,0,2.8957329589854526,0
139,6,3,1,7,10,7,0,0,1,36,5,0,0,3.86225094198925,1
11,2,1,0,2,3,2,0,0,0,6,1,0,0,2.574198146654582,0
72,4,7,4,3,18,7,1,1,1,15,3,0,0,4.541961438340592,1
36,2,0,0,2,1,2,0,1,0,11,0,0,0,2.2815836085383783,0
150,6,5,1,6,12,2,1,0,1,17,4,0,0,4.500271086958487,1
105,8,4,4,9,17,8,1,1,1,25,2,0,0,3.6423769052325046,1
189,5,6,3,5,17,3,0,0,1,30,2,0,1,4.837566297804119,1
20,2,0,0,1,2,1,0,0,0,6,0,0,0,3.14345393675144,0
148,5,6,1,7,14,4,1,1,1,25,3,1,0,3.8433131937252485,1
32,2,0,0,2,1,2,0,1,0,9,0,0,0,2.6645890434956314,0
181,8,2,2,6,10,2,1,1,1,37,3,0,1,3.7510355483551714,1
32,1,0,0,3,0,0,0,0,0,5,1,0,0,3.215387880049297,0
24,2,1,0,2,1,2,0,1,1,6,1,0,0,3.0280930151690084,0
52,1,1,0,2,3,1,0,1,0,14,1,0,0,3.3224234598169966,0
86,3,7,2,6,10,3,1,0,1,34,5,0,0,4.873508348392475,1
165,9,7,2,5,11,9,1,1,0,35,4,0,1,4.995856849855404,1
86,4,2,3,9,11,2,1,1,0,34,5,0,1,4.725460860907755,1
91,8,6,3,8,15,3,0,0,0,34,3,0,0,3.7512366336411613,1
29,1,0,0,2,0,2,0,1,0,12,0,0,0,2.348758988311747,0
187,9,5,1,6,17,6,0,0,1,32,5,0,1,3.907048945308516,1
179,9,4,4,8,18,6,1,1,0,38,4,0,0,4.813108437682752,1
40,1,1,0,1,1,0,0,1,0,17,0,0,0,2.8614313626353165,0
21,2,0,0,3,1,2,0,0,0,17,0,0,0,3.1477404932251494,0
197,4,4,1,4,17,9,1,0,1,21,2,1,0,3.992349658517509,1
138,8,6,1,3,5,6,1,1,1,28,4,0,1,4.898484137343316,1
41,1,1,0,3,3,0,0,1,0,17,1,0,0,3.2385664273410004,0
145,7,7,4,9,12,7,0,0,1,17,5,0,0,4.767681277244052,1
14,2,1,0,1,0,2,0,1,0,11,0,0,0,2.3948710197770167,0
54,1,1,0,2,0,0,0,1,0,5,0,0,0,2.299257972394413,0
107,4,4,1,9,18,9,0,0,1,21,2,0,1,3.7317383060073888,1
194,8,6,4,4,17,7,1,0,0,35,5,0,0,4.422693710811799,1
19,2,0,0,1,3,1,0,1,0,10,0,0,0,2.2410193770677678,0
20,2,1,0,1,3,0,0,1,1,12,1,0,0,3.3835512270051544,0
114,5,3,2,5,15,8,0,1,0,35,2,1,1,4.048828714335321,1
103,3,2,3,5,15,9,0,1,1,33,4,0,1,4.517749952438956,1
77,4,7,3,7,7,5,1,0,0,27,5,0,0,4.020328964546579,1
132,4,5,3,8,12,9,1,0,0,22,2,1,0,4.058763397330199,1
186,9,5,3,9,18,6,1,0,0,36,3,1,1,3.90956092899171,1
12,2,0,0,3,1,2,0,0,0,16,0,0,0,2.9952853908701784,0
144,4,5,4,9,8,8,0,0,1,16,3,1,1,4.794703306603608,1
165,8,6,3,4,14,7,1,0,0,39,3,0,1,4.015936529836528,1
32,2,0,0,2,4,2,0,1,0,7,1,0,0,2.5992781768804023,0
58,2,0,0,3,4,0,0,0,0,9,1,0,0,2.1382519377086484,0
142,7,2,3,4,5,9,0,1,1,26,4,0,0,3.9445364202699325,1
37,2,1,0,1,1,0,0,1,0,19,1,0,0,2.0408750179262225,0
31,2,0,0,3,0,0,0,0,0,14,0,0,0,3.1177692430544215,0
148,7,7,3,3,5,7,0,0,1,28,2,1,0,4.0714869105026,1
24,2,0,0,3,4,0,0,1,0,16,1,0,0,3.018798726801754,0
98,9,2,2,4,19,6,1,0,1,32,3,0,1,4.767293491234449,1
53,1,0,0,3,2,2,0,1,0,7,1,0,0,2.8259950691612774,0
171,6,6,1,3,11,4,1,0,1,20,3,0,0,3.825434368795819,1
117,5,5,4,8,8,6,0,0,1,17,3,0,1,3.8935144501714185,1
54,2,1,0,3,3,2,0,1,0,7,1,0,0,3.128596823455682,0
163,7,6,1,9,16,3,1,0,1,20,5,1,0,4.068560728074552,1
15,2,1,0,2,1,0,0,1,0,12,0,0,0,2.8391081385910355,0
188,5,2,4,6,19,5,0,0,1,38,3,0,0,4.073378377966188,1
20,1,0,0,2,2,0,0,1,0,5,1,0,0,2.1805813681836335,0
18,1,1,0,3,4,2,0,1,0,11,1,0,0,3.1644357162739216,0
161,9,2,2,8,14,2,1,0,1,39,3,0,0,3.6152111616039218,1
20,1,0,0,2,4,2,0,0,0,6,1,0,0,2.0538952732789593,0
103,5,4,4,3,7,3,1,1,1,39,5,0,0,4.546574461329939,1
126,6,7,2,4,15,4,1,0,1,29,4,0,0,4.139181856928346,1
92,3,6,1,6,9,9,1,0,1,29,5,0,0,3.997997441356648,1
54,2,1,0,1,4,0,0,1,0,18,1,0,0,2.242051037582575,0
70,7,4,3,6,17,5,1,0,1,30,3,0,0,4.087865844415863,1
43,1,0,0,2,4,1,0,1,0,13,0,0,0,2.1667057209980185,0
119,6,2,4,3,8,3,1,0,1,19,3,0,0,3.621844452210009,1
186,4,5,3,4,18,8,1,0,1,33,4,0,1,4.116785713804236,1
109,3,7,3,7,19,4,0,0,0,21,3,0,0,4.206425088158772,1
37,2,0,0,3,3,0,0,1,0,12,1,0,0,2.154263888236215,0
89,4,4,3,7,7,5,0,1,1,31,5,0,0,4.067151154681176,1
74,7,3,4,4,12,2,1,1,0,19,3,0,1,4.774169609338603,1
36,1,1,0,2,1,0,0,1,0,16,1,0,0,2.0205236221410217,0
69,9,5,2,3,7,5,1,0,1,39,3,0,1,4.388025264183594,1
174,9,6,2,8,18,6,1,0,1,26,3,0,1,3.9400301321615148,1
176,7,5,4,3,5,6,1,1,0,27,4,0,1,3.988735191155727,1
23,1,0,0,2,3,0,0,1,0,11,1,0,0,2.2018644006561616,0
194,3,7,3,6,6,6,0,0,1,28,4,1,0,3.9840898590899574,1
132,8,7,2,9,12,6,1,0,1,20,4,0,0,4.410702921325365,1
138,9,2,4,6,11,9,0,1,1,36,3,0,1,4.195721374591519,1
56,1,0,0,2,4,1,0,1,0,5,0,0,0,3.1077588177657782,0
36,2,1,0,1,3,0,0,1,0,7,1,0,0,2.138750656908446,0
22,1,1,0,1,3,2,0,1,0,7,1,0,0,2.1883246848477156,0
139,5,3,3,5,17,5,1,1,1,33,5,0,0,3.5721384656180533,1
60,8,3,3,5,10,7,1,1,0,17,5,0,0,4.840452880019201,1
20,1,0,0,1,3,1,0,1,0,7,0,0,0,2.7945709491625514,0
33,2,0,0,1,0,0,0,1,0,10,1,0,0,2.5939058392939245,0
16,2,1,0,3,3,1,0,1,0,6,1,0,0,2.869596749201288,0
35,1,1,0,1,2,0,0,1,0,18,1,0,0,3.496624083515301,0
142,7,7,4,3,7,7,1,1,1,34,3,0,1,4.910755929319103,1
130,4,2,1,4,14,2,1,0,1,34,2,0,0,3.7439912226582277,1
13,1,1,0,2,3,0,0,0,0,17,0,0,0,2.1747167745100056,0
85,4,5,3,5,15,9,1,0,0,30,4,0,0,4.393519736242294,1
48,2,1,0,2,0,1,0,0,0,16,1,0,0,3.2429793591774336,0
139,7,6,1,9,14,3,1,0,1,22,5,0,0,4.370967838864451,1
39,1,1,0,1,1,0,0,1,0,11,0,0,0,3.3108124332815274,0
78,3,4,2,7,19,3,1,0,0,17,4,1,0,3.8244991664462407,1
53,1,0,0,2,2,2,0,1,0,17,1,0,0,2.8320305371825505,0
176,8,3,1,9,13,6,1,1,1,33,4,0,0,4.7294143295987,1
32,1,1,0,1,2,1,0,1,0,11,0,0,0,2.018511569090561,0
28,2,1,0,1,2,1,0,1,0,17,0,0,0,3.3253470925552855,0
171,6,5,3,7,7,6,1,0,1,23,5,0,0,4.876314514480617,1
47,2,0,0,2,0,0,0,1,0,18,1,0,0,2.4449187232356397,0
59,2,0,0,1,3,1,0,1,0,8,0,0,0,2.088658731313482,0
74,4,7,1,5,18,5,0,0,1,33,5,0,0,4.123164500888135,1
117,8,2,2,5,14,9,1,1,0,27,2,0,0,4.426293672593467,1
115,4,6,2,9,19,5,0,0,0,25,4,1,0,4.811461001205621,1
94,6,2,1,5,15,8,1,0,0,26,4,0,1,4.058180322862548,1
172,6,6,2,3,9,3,1,1,1,20,2,0,0,3.5887656077953127,1
95,6,7,1,4,12,6,1,0,0,37,4,1,0,4.907997219940058,1
136,9,2,1,3,11,8,1,0,0,29,5,0,0,3.564972909881468,1
15,1,0,0,1,4,0,0,1,0,17,0,0,0,2.660808739809492,0
150,8,6,4,3,16,2,0,0,1,25,2,0,0,3.9780344059857855,1
52,9,6,3,3,12,4,1,0,1,27,4,1,0,3.5338467675580207,1
175,5,3,1,4,17,4,1,1,0,23,2,0,0,3.77175777627503,1
195,4,2,1,7,10,6,1,1,0,21,4,0,0,3.8209920180474706,1
137,6,6,1,9,19,5,1,1,1,18,2,0,0,4.829256941083989,1
14,2,0,0,2,1,0,0,1,1,14,0,0,0,2.430831813807726,0
116,9,7,4,3,18,6,0,1,0,18,5,0,0,4.867588815369164,1
16,2,1,0,3,4,2,0,1,0,9,0,0,0,2.2270567568949122,0
59,2,1,0,3,0,0,0,1,0,11,1,0,0,2.3102268397000945,0
148,4,4,2,6,9,4,1,0,1,30,5,1,0,4.62691838656065,1
44,1,1,0,1,2,1,0,1,0,5,0,0,0,3.3548721576426956,0
121,4,5,4,6,7,3,1,1,1,24,3,0,1,3.646261538695813,1
78,8,2,3,3,18,9,0,0,0,17,4,1,0,4.928580128598087,1
48,2,0,0,3,3,1,0,1,0,5,0,0,0,3.1129665942709788,0
84,5,4,2,7,12,8,1,0,1,26,4,0,1,4.323364447460108,1
112,6,6,1,5,19,2,1,1,1,34,4,0,1,4.506519470799365,1
40,1,0,0,3,1,1,0,1,0,19,1,0,0,2.524694092711388,0
85,9,4,2,9,17,2,0,1,1,34,2,0,0,3.8834586406930423,1
170,7,3,2,8,11,6,0,0,1,28,5,0,0,4.176899921109672,1
39,1,1,0,1,4,0,0,1,0,6,1,0,0,3.0103198671970866,0
26,2,1,0,3,1,0,0,1,0,5,0,0,0,3.2684802834160136,0
29,2,1,0,3,0,0,0,1,0,13,1,0,0,2.0003405573273834,0
135,8,7,2,9,17,7,1,1,1,15,2,0,0,4.023247861187945,1
41,1,1,0,2,0,2,0,0,1,6,0,0,0,3.1253911911309733,0
105,3,6,4,4,10,6,1,1,1,31,4,1,1,3.5475837377240467,1
107,6,4,3,4,14,8,1,0,1,28,2,1,0,4.559557995214994,1
58,5,5,2,5,12,4,0,1,0,22,2,1,0,4.306376938538849,1
28,2,0,0,1,3,2,0,1,0,15,1,0,0,3.2117984685259717,0
50,2,1,0,1,1,2,0,1,0,11,0,0,0,3.2664722962285735,0
71,5,4,1,6,6,4,1,0,1,20,2,0,0,4.606820622753114,1
172,7,7,4,4,16,2,1,0,0,37,4,0,0,3.933452787381588,1
127,9,4,2,4,6,6,1,1,1,23,5,0,0,4.102246415847315,1
27,2,0,0,1,1,0,0,1,1,14,0,0,0,2.064650163422486,0
36,1,0,0,1,1,2,0,1,0,10,0,0,0,2.716613189599304,0
35,1,0,0,3,4,1,0,1,0,11,0,0,0,3.2389113786678774,0
27,1,0,0,1,0,0,0,1,0,11,1,0,0,2.222760172465521,0
198,8,5,1,3,14,4,0,0,1,38,5,0,0,4.735996477819968,1
55,1,1,0,2,1,2,0,0,0,19,0,0,0,3.025805187363548,0
123,3,6,4,5,9,7,0,0,0,15,2,0,1,4.095907209260689,1
111,3,5,1,3,9,3,1,0,1,35,3,1,0,4.301838828734463,1
91,6,6,1,4,5,2,1,0,0,34,5,0,1,3.574408862524224,1
36,1,1,0,1,2,1,0,1,0,14,1,0,0,3.4423260982063493,0
180,4,2,2,5,5,5,1,1,0,25,2,1,0,4.6909027001777766,1
16,2,1,0,1,0,0,0,0,0,14,1,0,0,3.1234447262905976,0
183,6,2,2,5,14,3,1,0,0,34,4,0,0,4.093666519490646,1
191,6,7,1,6,14,5,1,1,1,26,3,0,0,3.5806729462660667,1
136,9,6,3,3,18,9,1,0,1,17,4,1,1,4.9631155515271175,1
132,4,5,1,8,10,6,1,0,0,36,3,0,0,4.333245920254447,1
15,2,0,0,1,2,0,0,1,0,15,0,0,0,2.6455197985583006,0
118,9,6,1,3,19,4,0,0,0,35,2,0,1,4.500391171188021,1
23,1,1,0,2,3,1,0,1,0,13,1,0,0,3.0891272772257756,0
12,2,0,0,3,0,2,0,1,0,14,0,0,0,2.92579134067545,0
131,7,4,2,6,5,3,1,0,1,39,4,0,0,3.9194544777398095,1
102,6,3,1,6,12,5,0,0,1,36,3,0,0,4.0205035031183,1
29,2,0,0,3,0,0,0,1,0,17,1,0,0,2.473995711687841,0
168,8,3,2,3,7,3,0,0,1,35,5,0,0,4.186362998375648,1
27,2,1,0,1,3,1,0,0,0,8,1,0,0,2.092919777868482,0
74,5,3,1,6,12,7,1,1,1,15,2,0,0,4.089892227648823,1
84,5,3,1,8,6,7,1,1,1,35,3,0,1,4.802835542374192,1
62,3,5,2,5,6,6,0,0,0,30,2,0,0,3.6699494065974014,1
106,7,3,2,8,17,4,1,1,1,26,3,0,1,4.065479250930262,1
51,9,6,3,4,14,9,1,0,1,23,5,0,0,3.7879331584935887,1
126,3,6,2,4,19,3,1,1,1,17,4,0,0,4.059499753350295,1
60,6,3,1,7,11,6,1,0,1,21,5,0,1,4.012798653197226,1
13,2,1,0,3,4,1,0,0,0,9,1,0,0,3.327858318061348,0
58,6,6,2,6,10,5,1,0,1,27,4,1,1,4.04510589799914,1
117,7,2,3,3,12,6,1,0,1,20,4,0,0,3.924148185590148,1
53,9,3,4,6,13,8,1,1,1,35,3,1,0,4.48038015506663,1
154,8,5,1,3,19,6,0,0,1,34,2,0,0,4.4956141079380805,1
57,1,0,0,3,1,1,0,0,0,10,0,0,0,2.6290020206289326,0
18,2,0,0,3,1,0,0,1,0,19,0,0,0,2.5523751610926997,0
97,5,4,2,9,12,2,1,0,1,29,4,0,0,4.079076403477754,1
162,8,3,1,4,11,5,0,0,1,26,4,0,0,3.5933076372885364,1
37,2,0,0,1,0,1,0,1,0,17,1,0,0,2.263508149933866,0
149,6,5,3,7,16,8,0,0,0,16,2,0,0,3.993845923012092,1
14,2,1,0,2,2,2,0,1,0,5,0,0,0,2.9538661485646074,0
98,3,2,1,4,13,7,1,1,1,33,5,0,0,4.414258836507475,1
92,3,5,2,6,14,8,1,1,0,35,5,1,1,4.263438560633071,1
74,6,6,4,7,6,8,0,0,1,15,2,0,0,3.6238582370529158,1
34,1,0,0,2,4,2,0,0,0,6,0,0,0,2.7083396386343064,0
164,7,6,1,9,13,2,1,1,1,36,4,0,1,4.682301394800059,1
56,2,0,0,2,3,2,0,1,1,9,1,0,0,2.807330152802713,0
48,2,1,0,1,3,1,0,0,0,8,1,0,0,2.088575216687408,0
100,8,6,2,4,13,4,1,0,1,17,4,0,0,4.147710642661666,1
37,2,1,0,1,2,1,0,1,0,8,0,0,0,2.2812566856784704,0
10,2,0,0,3,2,1,0,0,0,18,1,0,0,2.8567987759443705,0
131,6,7,3,8,6,8,1,0,0,23,4,1,0,4.3993958900660814,1
182,8,5,2,6,11,5,1,1,0,28,3,0,0,3.8454788370243165,1
13,1,1,0,1,0,2,0,1,0,9,1,0,0,2.2883868777021377,0
173,6,3,2,4,19,7,1,1,1,23,4,1,0,4.244064089024874,1
94,4,4,2,4,16,8,0,1,1,17,4,0,1,3.6089983813717352,1
142,3,6,4,4,8,3,0,0,0,19,5,1,0,4.050018319554472,1
53,5,4,3,6,13,6,0,0,0,26,2,1,1,4.767296128115763,1
15,1,1,0,1,2,0,0,1,0,8,1,0,0,2.4940689039531136,0
35,2,0,0,3,2,2,0,1,1,9,1,0,0,3.2776855079908125,0
50,1,0,0,1,3,0,0,1,0,12,1,0,0,2.852402924403153,0
44,1,1,0,1,1,2,0,1,0,14,1,0,0,3.0716895258286727,0
17,1,0,0,1,4,1,0,1,0,8,0,0,0,2.0790796495017516,0
189,9,2,1,5,10,6,1,1,0,36,5,0,1,4.751487193624098,1
58,2,0,0,2,1,2,0,1,0,10,0,0,0,3.299275563303544,0
40,2,1,0,3,1,2,0,1,0,5,1,0,0,2.1564696310278233,0
43,2,1,0,2,4,0,0,1,1,16,0,0,0,2.193629292713693,0
73,7,4,2,4,17,4,0,0,1,20,2,1,1,4.752460678524443,1
97,9,4,1,7,10,6,0,0,1,38,5,0,1,4.997299861498426,1
36,1,0,0,3,1,2,0,0,0,15,0,0,0,2.7713405168989667,0
40,2,0,0,1,0,2,0,1,0,7,1,0,0,3.2395854674008326,0
118,3,3,2,6,10,6,1,0,0,35,2,0,1,4.971567293381699,1
55,2,0,0,1,4,1,0,1,0,12,0,0,0,2.187876846644312,0
25,1,1,0,1,2,2,0,1,0,11,0,0,0,2.115453774512026,0
139,4,7,3,8,18,2,1,0,1,20,2,0,1,3.537476123422774,1
69,4,7,3,4,13,6,1,0,1,36,5,1,0,4.101721954237696,1
32,1,1,0,1,3,1,0,1,1,13,0,0,0,2.4260875835606437,0
33,1,1,0,1,2,0,0,1,0,11,0,0,0,3.0128462563430563,0
51,2,0,0,3,1,1,0,1,0,15,0,0,0,2.116117327977126,0
174,5,7,1,4,10,6,1,1,1,26,3,1,1,3.9292025636874715,1
10,1,0,0,1,4,0,0,1,0,18,0,0,0,2.263835425127993,0
94,4,6,1,9,14,4,1,0,0,31,4,0,0,4.525144122735906,1
10,1,1,0,3,3,2,0,1,0,15,1,0,0,3.475896410213603,0
51,2,0,0,3,2,2,0,1,0,14,0,0,0,2.155212595469877,0
11,1,0,0,3,3,1,0,1,0,17,0,0,0,2.7035896165851785,0
57,2,1,0,1,0,1,0,1,0,7,1,0,0,2.6785501388098556,0
46,1,1,0,1,1,1,0,0,0,6,0,0,0,2.3274546677172685,0
152,9,6,2,4,9,2,1,0,1,28,2,0,1,4.511440360550036,1
42,1,1,0,3,1,2,0,1,0,13,0,0,0,3.2856454094148737,0
193,6,5,1,9,18,8,0,0,0,24,4,0,1,4.606147162140683,1
45,2,1,0,1,0,0,0,1,0,19,1,0,0,3.0790822333622305,0
24,1,1,0,2,1,0,0,0,0,15,1,0,0,3.4697053030714073,0
111,4,7,1,4,6,3,0,1,1,20,2,0,1,4.948172951900932,1
17,2,1,0,1,4,2,0,1,0,5,1,0,0,2.7826001282798685,0
78,5,3,1,7,18,2,1,1,1,39,4,0,1,4.731273513894693,1
11,1,1,0,1,3,2,0,1,1,6,0,0,0,3.264418223684296,0
155,6,3,4,5,19,2,1,0,0,36,4,0,0,4.4523945951766155,1
102,8,4,4,4,5,3,1,1,0,16,3,0,1,3.543201770819778,1
71,7,4,2,4,15,8,0,1,1,29,2,0,1,4.496509049908523,1
24,2,1,0,3,2,1,0,1,0,6,1,0,0,3.1258162456306064,0
82,5,6,3,3,19,9,1,0,0,19,3,0,1,4.123441673043732,1
62,6,2,3,9,5,4,1,0,1,27,4,0,0,3.6960089456198935,1
162,8,7,2,8,14,9,1,1,1,31,4,0,0,4.747586946957634,1
55,4,5,3,8,10,4,0,0,0,27,2,0,1,3.8307057214990548,1
11,1,0,0,2,2,1,0,1,0,19,1,0,0,3.4768638445641695,0
196,5,3,3,3,8,5,1,0,1,19,2,0,1,4.838703640928017,1
50,2,0,0,1,2,1,0,1,0,18,0,0,0,2.358496520317327,0
192,6,3,1,5,14,2,1,0,0,37,3,0,1,3.7199124505400047,1
23,2,0,0,1,4,2,0,1,0,10,0,0,0,2.2010373414784876,0
30,1,1,0,3,3,0,0,1,0,14,1,0,0,2.323414647864567,0
21,2,1,0,2,4,0,0,1,0,15,0,0,0,2.565511567938117,0
42,1,1,0,2,4,2,0,1,0,11,0,0,0,2.0210217762890856,0
36,1,1,0,3,4,0,0,1,1,9,0,0,0,3.070559388015061,0
47,2,1,0,1,1,0,0,1,0,13,0,0,0,2.972385431116733,0
14,1,0,0,1,0,2,0,1,0,6,1,0,0,2.3993472522482153,0
56,2,0,0,1,3,2,0,1,0,5,1,0,0,2.7813232676712665,0
65,4,5,4,7,17,3,1,0,0,38,5,1,0,4.579995203941169,1
126,6,4,4,4,19,5,0,0,0,24,5,1,0,4.126825994926414,1
25,1,1,0,2,1,0,0,1,0,5,0,0,0,3.2219375840388755,0
32,1,0,0,1,1,1,0,1,0,9,0,0,0,2.5114498451937273,0
82,9,3,1,3,17,7,1,0,1,19,3,0,0,3.8582677406054104,1
20,1,1,0,2,4,0,0,1,0,11,1,0,0,3.3159646042895536,0
61,5,2,1,4,15,5,0,0,1,34,2,0,1,3.5317247350241243,1
29,2,0,0,1,0,0,0,1,0,19,0,0,0,3.2788139673132504,0
95,9,3,3,5,19,6,0,0,1,30,5,1,1,4.064388993995633,1
165,4,7,2,7,14,2,1,1,0,24,3,0,0,3.50587756242664,1
20,1,0,0,3,3,1,0,1,0,19,0,0,0,2.563956832893709,0
38,2,0,0,2,3,1,0,1,0,10,1,0,0,2.1680175696023083,0
35,1,0,0,2,2,0,0,0,0,18,1,0,0,2.041205843769477,0
186,5,4,3,6,16,4,0,0,0,21,2,1,1,3.7040843516474644,1
198,6,5,4,4,11,6,1,0,1,39,4,0,1,3.9539347743931326,1
130,5,3,2,8,18,4,1,0,0,29,4,0,0,3.6652134243784498,1
119,5,7,3,4,12,6,0,0,1,29,4,0,0,4.880942205066164,1
106,5,5,4,6,11,8,1,0,0,34,2,1,0,3.9733302116646665,1
73,4,7,1,7,12,5,1,1,1,22,4,0,0,4.67085908873141,1
49,2,0,0,2,3,2,0,1,0,8,1,0,0,3.1710231120317935,0
56,8,5,1,5,16,8,1,1,0,25,5,1,1,4.879688857669154,1
83,4,4,2,3,7,3,0,0,0,28,5,0,1,3.930747147695836,1
49,2,0,0,3,2,2,0,1,0,18,0,0,0,3.3242347440177404,0
39,2,0,0,1,0,1,0,1,0,10,1,0,0,2.1460650936620063,0
172,8,3,1,9,6,6,1,0,1,19,3,0,1,3.7924141534552396,1
196,5,2,3,6,5,7,1,1,1,39,3,0,0,4.08415202011651,1
24,1,1,0,2,0,2,0,1,0,12,1,0,0,2.4672684485209793,0
57,2,0,0,3,2,0,0,0,0,9,0,0,0,2.0202704634592736,0
145,9,5,3,3,5,8,1,1,0,15,5,0,0,3.971846226391048,1
19,2,1,0,3,0,0,0,1,0,18,1,0,0,2.2900088504180784,0
50,1,0,0,2,0,0,0,0,0,10,1,0,0,2.7630589763244,0
105,3,7,4,7,18,5,0,1,1,25,4,0,0,3.9104995773821867,1
42,2,0,0,3,3,2,0,0,0,14,1,0,0,3.4526286957506116,0
147,7,6,3,9,8,2,1,0,1,32,5,1,1,4.255270266946995,1
29,2,1,0,1,0,2,0,1,1,15,0,0,0,2.0591263776805446,0
54,1,0,0,2,2,1,0,1,0,13,0,0,0,2.3699846702671667,0
16,2,1,0,3,4,2,0,1,0,18,1,0,0,2.6204982853748104,0
42,2,0,0,2,3,1,0,1,0,11,1,0,0,3.2854251948040822,0
38,2,1,0,1,2,1,0,1,0,8,1,0,0,2.3124165127303185,0
125,9,2,3,3,11,3,1,1,1,29,5,0,1,3.7059550627124067,1
111,7,3,4,3,18,3,0,1,0,39,5,0,1,4.4987866493244155,1
18,2,0,0,1,2,2,0,0,0,6,0,0,0,2.933563897209761,0
40,1,1,0,2,1,2,0,0,0,11,1,0,0,2.900909943780774,0
180,5,7,4,4,5,5,1,1,1,17,5,1,1,4.034913369311579,1
108,3,5,3,9,14,4,1,1,1,16,5,0,0,4.292266582134525,1
49,1,0,0,2,4,2,0,1,1,12,1,0,0,3.4257553423837024,0
88,3,2,4,7,14,8,1,0,1,19,5,0,0,3.8326692379003195,1
38,2,0,0,1,1,2,0,0,0,8,1,0,0,2.8394252834670857,0
32,1,1,0,1,0,1,0,1,0,18,0,0,0,3.1208542070593253,0
24,1,0,0,2,3,2,0,1,1,11,0,0,0,3.361626200361857,0
53,2,0,0,3,4,0,0,1,1,12,1,0,0,2.013647271921164,0
48,1,1,0,3,4,2,0,1,0,14,1,0,0,3.2074502508225278,0
37,2,0,0,1,0,0,0,1,0,6,1,0,0,2.6630993196771127,0
10,1,0,0,1,3,2,0,1,0,15,0,0,0,2.0794039033532274,0
45,1,1,0,1,0,1,0,1,0,10,0,0,0,2.284899149345539,0
198,7,7,1,9,13,3,1,0,0,18,2,0,1,4.880057246163579,1
57,5,2,3,3,6,8,1,0,1,31,4,1,0,3.87483140964635,1
23,2,0,0,3,2,2,0,1,0,19,1,0,0,2.043685677483658,0
194,3,6,1,9,8,9,1,0,0,25,5,0,1,3.962528182514298,1
36,2,0,0,1,4,1,0,1,0,13,1,0,0,2.885256160474616,0
35,2,0,0,2,4,1,0,1,0,16,1,0,0,2.2575172925648253,0
60,6,3,2,9,11,4,1,0,1,23,3,0,0,4.414533591874352,1
50,2,1,0,2,2,2,0,1,0,19,0,0,0,2.6158980458574,0
141,4,7,3,3,6,3,0,1,0,38,3,0,0,3.876788006906701,1
143,4,6,3,3,6,9,1,0,1,37,2,1,0,4.61666325175633,1
178,8,7,1,8,8,6,0,1,1,30,5,0,1,3.5651500358534562,1
114,3,4,3,5,15,6,1,0,0,25,4,0,1,3.8266712026513527,1
51,2,1,0,2,1,2,0,1,0,14,1,0,0,2.456784783727075,0
101,5,2,2,4,18,2,1,0,0,22,2,0,0,4.563350009377373,1
155,5,2,2,5,18,8,0,0,1,19,4,1,0,4.394095896650892,1
111,7,6,1,4,18,8,1,0,1,38,5,0,0,4.915661180517224,1
137,4,2,2,5,13,5,1,1,1,24,2,0,1,4.999627345143566,1
50,2,1,0,1,3,0,0,0,0,6,0,0,0,2.6978081496825066,0
58,1,0,0,2,4,2,0,1,0,14,1,0,0,2.7801731217535917,0
24,2,1,0,1,3,1,0,0,0,7,1,0,0,2.2353759080558406,0
38,1,1,0,2,1,2,0,1,0,5,0,0,0,2.4739037335784553,0
29,2,0,0,1,1,1,0,1,0,17,1,0,0,2.4552558637219284,0
22,1,0,0,3,0,2,0,1,0,5,0,0,0,2.148027841639881,0
188,6,3,4,5,17,4,1,1,1,22,2,0,0,3.6496453365542636,1
26,1,1,0,1,1,0,0,0,0,14,0,0,0,2.896419786398691,0
83,5,3,2,8,10,3,1,0,0,26,2,0,1,3.6335146023440132,1
53,2,1,0,2,4,1,0,1,0,15,0,0,0,2.4332591217162705,0
70,4,2,2,4,6,3,1,0,1,37,5,0,0,4.782617578954532,1
57,1,0,0,3,4,2,0,0,0,15,1,0,0,2.4127853176602136,0
124,9,3,4,8,13,4,1,0,0,29,2,0,0,3.728435370601483,1
44,1,0,0,3,4,1,0,1,0,6,1,0,0,2.2866584340367173,0
171,6,6,1,3,13,3,1,0,1,25,3,0,0,3.7240990826806586,1
124,7,2,3,7,6,5,1,0,1,22,3,1,0,4.222383710329044,1
28,2,1,0,3,2,2,0,1,0,8,0,0,0,3.2017461007627377,0
39,1,1,0,1,2,2,0,1,0,8,1,0,0,3.008490214990462,0
151,9,7,4,5,9,5,1,1,0,23,5,0,1,4.457209853774404,1
155,7,5,2,5,12,4,1,0,1,16,3,1,0,4.389474051451148,1
174,6,2,1,8,18,6,1,1,1,31,5,1,0,4.202212912806104,1
65,8,4,1,3,19,7,1,0,0,26,4,1,0,4.536952654002843,1
94,8,5,2,8,10,7,1,0,1,39,5,1,0,3.7911931556689584,1
82,3,7,1,4,13,8,1,0,1,36,5,1,1,4.023141871094133,1
47,2,1,0,2,0,1,0,1,0,19,0,0,0,2.058199182093331,0
20,1,0,0,3,2,0,0,1,0,19,0,0,0,2.1519141857465094,0
69,7,4,1,4,13,8,1,1,0,30,2,1,0,4.841273237924857,1
47,2,0,0,2,2,0,0,1,0,19,0,0,0,3.099050275806211,0
177,3,3,4,6,18,2,1,1,1,26,5,0,1,4.675957775758384,1
20,2,0,0,2,1,1,0,0,0,5,1,0,0,2.3077807143572104,0
17,1,0,0,1,2,2,0,1,0,6,1,0,0,3.2039843662283296,0
50,4,3,1,9,14,8,1,1,0,37,4,0,0,3.732264022430341,1
32,1,1,0,3,3,1,0,0,0,5,1,0,0,2.860962762547613,0
162,4,2,3,9,8,8,1,0,0,27,5,0,0,3.55696395135441,1
18,2,1,0,1,0,2,0,1,0,18,0,0,0,2.0654913930695127,0
119,6,6,2,6,11,3,0,0,1,23,3,0,1,4.585983746353538,1
12,2,0,0,3,4,0,0,1,0,13,0,0,0,3.038859200116373,0
72,9,6,1,6,10,9,1,0,1,36,2,0,0,4.628502766966827,1
139,8,7,3,9,10,3,1,0,1,23,2,1,1,4.20749477417774,1
43,2,0,0,3,4,0,0,1,0,5,1,0,0,3.4435479746817927,0
128,8,4,3,8,19,7,1,0,1,32,5,0,0,4.416535117312887,1
15,2,1,0,2,4,0,0,1,0,9,0,0,0,2.534585748949856,0
75,7,5,2,4,16,5,1,0,1,18,3,0,0,3.763675723745573,1
58,2,1,0,3,2,0,0,1,0,11,0,0,0,2.812640479911523,0
46,1,0,0,2,1,2,0,1,0,14,1,0,0,2.168913844023831,0
28,2,0,0,3,2,2,0,1,1,6,0,0,0,3.3082417279542597,0
49,2,1,0,1,3,2,0,1,0,8,0,0,0,3.3683818416517335,0
24,2,0,0,3,3,0,0,1,0,17,0,0,0,2.819585700817604,0
55,2,1,0,3,0,0,0,1,0,15,0,0,0,2.5517760419111877,0
12,2,0,0,2,1,0,0,1,0,11,1,0,0,2.797899466329187,0
46,2,1,0,3,1,0,0,1,0,5,0,0,0,2.3979276336290787,0
188,4,4,2,3,8,9,0,1,1,25,4,0,1,3.5006023160380098,1
80,8,6,3,5,6,5,1,0,0,18,5,0,0,4.14526386266647,1
130,8,6,4,7,5,2,1,0,0,15,2,0,0,4.31732252904409,1
105,3,5,1,8,13,2,1,0,1,31,4,0,0,4.4590796321811474,1
194,6,7,4,7,5,2,0,1,1,39,3,1,0,4.950298325440091,1
42,2,0,0,3,3,1,0,1,1,18,1,0,0,2.6641038915596873,0
194,8,2,4,7,19,7,1,1,1,26,3,0,0,3.7825775140023095,1
55,1,1,0,3,3,2,0,0,1,15,1,0,0,2.763622742849707,0
103,9,2,1,5,18,4,1,0,1,33,4,0,0,4.24444268825096,1
170,6,4,2,3,17,3,0,1,1,15,5,0,1,4.22020240945756,1
134,7,2,1,5,17,9,1,1,1,25,3,0,0,3.6180465127930987,1
39,2,0,0,3,0,2,0,1,0,6,0,0,0,2.8417253186527613,0
80,3,7,4,5,5,7,1,1,0,28,4,0,1,4.7189189586322575,1
35,2,0,0,1,0,1,0,1,0,10,1,0,0,2.7566371190951555,0
45,1,1,0,3,1,2,0,0,0,8,0,0,0,2.5336896917314897,0
30,1,0,0,2,2,2,0,0,0,14,1,0,0,2.2943514225317836,0
13,2,1,0,1,3,2,0,1,0,16,0,0,0,2.0826644599110002,0
72,4,2,3,7,14,8,1,1,1,33,2,0,0,4.867732390455114,1
181,3,7,2,5,5,7,1,1,1,18,2,1,0,4.8389169920662205,1
87,5,2,1,9,11,5,1,1,0,28,2,1,1,3.5601869303915143,1
193,3,6,2,3,16,8,1,1,0,19,3,0,0,4.373853363822217,1
22,2,1,0,2,0,2,0,0,0,8,1,0,0,3.0882170510232303,0
32,1,1,0,1,0,1,0,1,1,7,0,0,0,3.2112169034778635,0
79,6,3,4,7,11,2,1,0,1,34,5,1,0,3.6946744485839167,1
171,4,2,4,9,10,9,1,1,1,35,2,0,0,4.414201645049933,1
80,6,3,4,3,14,2,0,0,1,33,5,1,0,4.419026517011911,1
59,2,0,0,1,1,2,0,1,0,13,0,0,0,2.2229498233668274,0
41,2,1,0,1,3,1,0,1,0,5,1,0,0,3.1576744086025217,0
119,3,5,1,8,8,7,1,0,1,38,5,1,0,3.8828486515164253,1
42,1,0,0,2,1,1,0,1,0,5,0,0,0,2.7504577345317722,0
60,3,7,4,8,6,4,1,1,1,30,5,0,0,4.898804128703336,1
25,1,1,0,1,2,0,0,1,0,15,0,0,0,2.7338448503069195,0
17,2,1,0,1,2,0,0,0,0,11,0,0,0,3.0873691199366595,0
131,3,4,2,7,12,4,0,1,0,33,3,1,0,4.871662594231008,1
48,2,0,0,3,0,2,0,1,0,13,1,0,0,2.5957803294756934,0
25,2,0,0,1,4,2,0,1,0,9,1,0,0,2.23585349764135,0
42,1,1,0,2,3,0,0,1,1,11,0,0,0,2.7329073888169773,0
43,2,0,0,1,2,2,0,1,0,17,0,0,0,2.835510209469693,0
126,3,3,3,7,17,7,1,0,0,23,5,0,0,3.721179513899269,1
126,5,2,1,6,8,6,1,0,1,21,4,0,1,4.250537540576586,1
15,1,0,0,1,1,1,0,1,0,17,1,0,0,2.842033736284007,0
169,6,3,2,9,5,6,0,0,1,17,4,0,0,4.609432526979493,1
152,4,4,3,3,16,7,1,0,1,33,4,0,1,4.51718375230497,1
54,2,1,0,1,3,0,0,1,0,15,0,0,0,2.532934464828978,0
132,9,7,4,8,7,8,1,0,0,28,3,0,0,3.716869565359377,1
158,7,6,3,4,16,4,0,0,1,16,5,0,0,4.561303156618166,1
52,2,1,0,2,3,2,0,0,0,19,1,0,0,2.8458005478376496,0
108,5,5,4,8,12,9,1,0,1,33,5,0,0,3.5696504832242186,1
11,2,0,0,1,3,0,0,1,0,10,0,0,0,2.847548787463925,0
138,7,3,2,4,8,9,1,0,0,39,4,0,0,4.067037424151603,1
22,1,0,0,2,4,1,0,1,0,14,0,0,0,2.0386136146208242,0
46,1,1,0,3,4,0,0,1,0,8,0,0,0,2.9576826059782153,0
49,1,1,0,3,2,1,0,1,0,5,0,0,0,2.8233987867490065,0
82,6,3,3,5,8,2,0,1,0,26,4,0,0,3.6845781853854875,1
51,1,0,0,1,4,2,0,1,0,16,0,0,0,2.0313642685028523,0
48,1,0,0,2,0,0,0,1,0,16,1,0,0,3.4108059516544214,0
52,1,0,0,2,0,1,0,1,0,9,0,0,0,3.285094919758846,0
20,1,1,0,1,3,0,0,1,0,19,1,0,0,2.053649364522403,0
56,1,0,0,1,0,1,0,1,0,14,0,0,0,2.100860951078055,0
160,7,4,2,4,11,6,0,0,1,29,5,0,0,4.131678356651122,1
126,3,4,3,9,14,8,0,0,1,20,5,1,0,4.0187428554643905,1
18,1,1,0,3,0,2,0,1,0,17,1,0,0,2.6536015352649613,0
53,3,5,2,8,14,4,0,0,1,27,3,1,0,4.917450595460114,1
57,2,1,0,1,0,2,0,1,0,10,0,0,0,3.2731513779219714,0
47,1,1,0,3,4,2,0,1,0,11,0,0,0,3.2046996334043687,0
142,3,5,3,5,12,7,1,0,1,31,5,1,0,4.209238437344453,1
47,1,0,0,3,3,2,0,1,0,5,1,0,0,3.2952371756942274,0
49,1,1,0,2,3,0,0,1,1,19,1,0,0,2.667659995576991,0
22,1,0,0,2,1,1,0,1,0,5,1,0,0,2.211302905926292,0
104,5,6,2,6,7,8,0,1,1,20,4,1,1,4.999611908387139,1
16,2,0,0,3,3,0,0,0,0,18,1,0,0,2.9061959432848026,0
35,1,0,0,2,2,0,0,0,1,15,0,0,0,2.230623968154377,0
18,1,0,0,2,4,2,0,1,0,7,0,0,0,2.6708206111906776,0
113,4,6,3,7,7,6,1,1,1,36,2,0,0,3.675206161600928,1
180,5,5,3,3,6,5,1,0,0,31,3,0,0,3.593671296796261,1
51,9,4,2,3,18,5,1,0,1,37,5,0,1,4.184488885733598,1
51,2,0,0,3,3,1,0,1,0,18,1,0,0,3.2393260636628303,0
17,1,1,0,3,3,1,0,1,0,13,0,0,0,3.2765056501958734,0
27,2,0,0,2,1,2,0,1,1,14,1,0,0,3.331789024603329,0
42,2,0,0,3,2,0,0,1,0,13,0,0,0,2.263508446952877,0
112,6,6,4,3,7,7,0,1,0,21,4,0,0,4.095091400702579,1
46,2,0,0,2,2,2,0,1,0,14,0,0,0,2.6533837370190634,0
75,4,6,3,9,13,7,1,1,1,24,2,1,0,4.666520564412339,1
85,3,5,4,5,5,8,1,0,1,36,2,0,0,4.964117498708778,1
33,1,0,0,2,4,1,0,0,0,14,1,0,0,3.144489404434541,0
17,1,1,0,3,1,2,0,1,0,14,0,0,0,3.0271597374187977,0
65,8,4,2,3,18,7,1,1,0,33,5,0,1,4.984010956759436,1
20,1,0,0,1,4,2,0,1,0,7,1,0,0,3.1675578568182368,0
54,8,6,4,8,9,4,1,1,1,24,5,0,1,4.46728406514459,1
111,3,6,2,8,19,4,1,0,0,33,3,1,0,4.914531064468604,1
148,4,3,4,8,15,7,1,1,0,31,2,1,0,3.5292539714157805,1
28,2,0,0,1,2,0,0,1,0,12,0,0,0,2.4476759917216406,0
183,3,2,3,5,9,9,0,0,0,33,2,1,0,3.7239020190038707,1
26,1,0,0,2,3,1,0,0,0,6,0,0,0,2.180376479856102,0
167,7,6,4,5,10,4,1,1,0,19,3,0,0,3.587804900120075,1
152,4,5,3,7,17,5,1,0,0,33,3,1,1,4.893094053916004,1
43,1,0,0,3,0,1,0,1,0,15,0,0,0,2.883997467421592,0
137,7,2,1,7,18,9,1,1,1,18,3,0,1,4.516012769122275,1
115,7,7,2,9,9,4,0,0,1,34,4,1,1,3.516005190509244,1
97,3,2,4,7,12,7,0,1,0,26,4,0,1,4.047640880347709,1
120,6,7,2,8,15,8,0,1,1,24,4,0,0,4.41319694027059,1
58,9,4,3,8,6,4,1,0,0,27,5,0,1,4.539814313328302,1
137,7,6,1,6,16,3,1,1,0,23,2,1,0,4.5630150799482605,1
14,2,0,0,2,2,2,0,1,0,11,1,0,0,3.478883988455027,0
190,4,3,3,4,16,8,1,0,0,34,4,0,0,4.315309469862614,1
39,1,0,0,1,3,0,0,1,0,18,1,0,0,2.92916761072723,0
158,4,3,1,9,8,9,0,0,1,25,5,0,0,4.201637346436369,1
42,1,1,0,3,3,2,0,0,0,15,1,0,0,3.27865832846281,0
130,6,7,3,5,13,6,1,0,1,38,2,0,0,4.4392611106908415,1
141,8,2,4,3,18,8,0,0,1,39,4,0,0,3.9406428095410795,1
36,2,0,0,3,2,1,0,1,0,11,1,0,0,3.2445030203976426,0
37,2,1,0,1,0,2,0,1,0,12,0,0,0,3.1193815177194324,0
18,2,0,0,2,2,0,0,1,1,9,1,0,0,3.397302573732893,0
35,2,0,0,1,3,1,0,0,0,11,1,0,0,2.569939928389629,0
13,1,1,0,3,2,2,0,1,1,19,1,0,0,2.477281219184583,0
25,1,0,0,1,3,1,0,1,1,10,0,0,0,3.1749753353290417,0
100,5,6,1,3,17,8,1,0,0,38,5,0,0,3.5332016765442456,1
29,1,0,0,2,2,0,0,0,0,14,0,0,0,2.8815351913397285,0
55,2,1,0,2,0,1,0,1,0,19,0,0,0,2.6623209333197457,0
24,1,1,0,3,0,0,0,1,1,5,1,0,0,3.2053126652396413,0
39,1,0,0,3,2,2,0,1,0,5,1,0,0,2.4229053265126375,0
197,7,4,1,8,14,7,1,1,1,36,2,0,1,4.898200873097425,1
36,2,0,0,3,4,0,0,1,0,8,0,0,0,2.2025572050208213,0
175,5,2,4,4,8,9,1,0,0,26,4,0,0,4.958344563824536,1
15,1,0,0,1,3,1,0,1,1,7,1,0,0,2.6781327655084586,0
51,1,0,0,1,0,0,0,1,0,9,0,0,0,2.678485216451444,0
168,7,6,2,9,14,3,0,0,1,35,5,1,0,4.085024091121341,1
50,1,0,0,2,3,0,0,1,1,6,1,0,0,2.9925399525372547,0
79,5,5,2,6,19,7,1,0,1,27,4,0,0,4.108429085383164,1
64,4,5,3,9,17,2,0,1,1,38,5,0,0,4.878557415543007,1
14,1,0,0,1,3,0,0,1,0,6,1,0,0,3.291594404719579,0
15,1,0,0,2,3,0,0,1,0,6,0,0,0,2.4690239975416883,0
98,3,3,1,3,9,8,1,1,0,18,5,1,1,4.314262061501112,1
10,1,0,0,2,0,2,0,0,0,14,0,0,0,3.2349029796721585,0
113,8,4,1,3,14,5,1,0,1,16,3,1,0,4.971696793567326,1
76,7,7,1,7,5,5,0,0,1,34,5,0,0,4.793502374659598,1
17,1,1,0,3,1,1,0,1,0,17,1,0,0,3.215026667069395,0
132,4,4,3,5,19,3,1,0,0,27,2,0,0,4.160181156477404,1
10,2,1,0,1,2,2,0,1,0,6,1,0,0,2.661148702154812,0
165,9,3,4,4,17,3,1,0,0,34,4,0,0,4.560546753984326,1
32,1,1,0,2,2,1,0,0,0,6,0,0,0,2.0901097525324737,0
80,4,4,4,3,16,4,0,0,1,25,5,0,0,4.378228907472553,1
71,8,6,3,4,5,5,0,1,0,24,3,0,1,4.38420620463987,1
125,5,2,4,3,14,7,1,0,0,19,2,1,0,3.601694593742169,1
150,4,5,4,4,14,9,1,1,1,15,5,0,1,4.2435755151174135,1
33,1,1,0,3,3,0,0,1,0,7,0,0,0,2.9985731528857107,0
188,7,4,4,4,12,9,1,0,1,16,2,0,0,3.9313301846313875,1
32,2,1,0,3,1,0,0,1,0,8,1,0,0,2.1557590791663914,0
56,1,1,0,1,0,1,0,1,0,7,1,0,0,2.5775760188054253,0
34,2,1,0,3,4,1,0,1,0,14,0,0,0,3.2061638690916974,0
46,1,0,0,2,0,0,0,1,0,15,1,0,0,2.055577990540239,0
55,7,3,1,3,18,9,1,0,1,34,3,0,0,4.178411768433708,1
51,1,0,0,1,2,1,0,1,0,10,1,0,0,3.074947905053047,0
69,4,5,3,4,5,3,1,1,0,26,4,1,1,4.762035156957798,1
63,7,2,4,4,16,9,0,0,1,28,5,0,1,4.379273531132512,1
56,5,6,4,8,10,9,1,1,0,30,4,0,0,4.76289601171888,1
21,2,0,0,2,1,2,0,1,0,17,0,0,0,3.1974094948194582,0
58,1,1,0,1,1,1,0,0,0,8,1,0,0,2.2781177267407613,0
67,8,2,4,7,14,6,1,0,0,38,5,0,1,4.130108442878246,1
37,2,0,0,2,2,1,0,1,0,16,1,0,0,3.085414156636927,0
17,1,1,0,1,4,2,0,1,0,16,0,0,0,2.1476520635674845,0
20,2,0,0,3,2,2,0,1,0,17,1,0,0,2.8776824913906873,0
138,3,2,2,9,16,3,0,0,1,18,5,0,0,3.761975098183052,1
81,6,5,1,9,13,9,1,0,1,39,3,1,1,4.633155908773372,1
57,1,1,0,2,4,0,0,0,0,11,1,0,0,2.041774666374134,0
177,8,2,1,7,16,2,1,0,1,19,2,1,0,4.391497600889894,1
23,2,0,0,3,3,2,0,1,0,6,1,0,0,3.001402570374853,0
99,8,5,4,7,12,9,1,1,1,39,4,0,1,3.8992375790767646,1
31,1,0,0,1,3,1,0,1,0,17,0,0,0,2.0079862858565964,0
47,1,0,0,2,1,1,0,1,0,11,1,0,0,2.396895667821545,0
18,1,1,0,1,0,0,0,1,0,11,1,0,0,2.857009292679616,0
32,1,1,0,1,0,1,0,0,0,13,1,0,0,2.4931189825244098,0
126,9,5,1,5,13,2,1,0,1,26,5,1,1,4.532349916003474,1
26,1,0,0,1,2,0,0,1,0,19,1,0,0,3.42764827421349,0
26,2,0,0,2,4,1,0,1,0,13,0,0,0,2.9450518663136576,0
57,1,0,0,1,2,0,0,1,0,18,0,0,0,2.125846940943364,0
10,1,1,0,3,2,1,0,1,0,11,1,0,0,2.4088366232231007,0
37,1,1,0,3,1,2,0,1,0,10,1,0,0,3.4954857542188265,0
16,2,1,0,2,1,1,0,1,0,14,0,0,0,2.5876576130180045,0
130,8,6,4,4,5,9,0,0,1,30,5,0,0,4.276148839719445,1
149,4,3,4,4,11,4,0,0,1,31,2,1,0,3.8301647450287453,1
44,1,0,0,1,3,2,0,1,0,16,0,0,0,2.5469599865206742,0
43,1,0,0,1,4,2,0,1,0,11,1,0,0,3.1762807688481196,0
24,1,0,0,1,4,2,0,1,0,7,0,0,0,2.6616742461475003,0
14,1,0,0,2,4,2,0,1,0,6,0,0,0,2.731814908997089,0
153,9,6,1,6,16,2,0,1,0,38,3,1,0,4.574246807266417,1
51,3,6,1,8,9,2,1,1,1,21,4,0,0,4.213482546387375,1
93,5,4,4,9,16,8,1,0,1,27,5,0,1,4.123679093103775,1
35,2,0,0,1,0,0,0,1,0,14,1,0,0,2.8800972910846276,0
35,1,1,0,1,2,1,0,1,0,14,0,0,0,2.0470423532068827,0
33,2,0,0,3,0,0,0,1,0,5,1,0,0,2.7457307238243076,0
69,3,5,1,6,15,6,1,1,1,19,3,1,1,4.653754804285381,1
66,6,4,1,4,5,4,0,0,0,21,3,1,0,3.6141499834711617,1
29,1,0,0,2,2,0,0,0,0,19,0,0,0,2.1709179041668154,0
43,1,1,0,3,4,0,0,1,1,19,1,0,0,2.023464942961151,0
59,6,2,2,8,15,9,1,1,1,15,3,1,0,4.398940349465718,1
180,3,6,2,4,7,7,1,0,0,24,2,1,0,4.447066154593144,1
57,2,1,0,3,2,1,0,1,0,18,1,0,0,2.8839010081350005,0
22,2,1,0,2,2,2,0,1,0,16,0,0,0,3.10522524774455,0
52,5,5,4,9,7,3,1,0,1,35,5,0,1,4.5479533841479345,1
198,8,3,3,6,17,7,0,0,1,37,4,1,0,4.71078795560324,1
87,5,4,1,8,8,8,1,0,0,38,5,1,1,4.349846004845211,1
23,2,1,0,1,4,0,0,1,0,5,0,0,0,3.495008912829188,0
142,6,7,1,8,13,9,1,1,1,26,5,0,0,4.268035083663139,1
70,9,7,1,7,17,7,1,1,0,18,2,0,1,4.257748567284098,1
41,2,1,0,2,3,1,0,0,0,9,1,0,0,3.0691576902753566,0
34,2,1,0,1,2,2,0,1,0,15,1,0,0,2.3144913831675504,0
65,4,6,2,5,15,7,1,1,0,28,3,1,1,4.648676439073586,1
36,1,1,0,1,4,0,0,1,0,10,1,0,0,3.0429111994166256,0
13,2,0,0,3,0,0,0,1,0,15,0,0,0,3.128603680579201,0
25,1,1,0,3,1,2,0,1,0,9,1,0,0,2.769823612669328,0
53,2,1,0,2,0,1,0,1,0,10,0,0,0,2.290990934335096,0
109,5,3,3,4,18,6,1,0,1,22,3,0,1,3.6133317406441545,1
189,5,4,2,5,6,6,0,0,0,37,4,0,0,4.814897178252528,1
129,5,6,2,4,11,6,1,1,0,38,3,0,1,4.309423775902756,1
137,9,4,2,5,15,4,1,0,0,36,3,0,0,3.79824279542972,1
138,8,2,4,3,5,3,1,1,1,16,5,0,1,3.512219372291353,1
176,3,6,2,3,9,5,0,1,1,16,2,1,0,4.5517116970753655,1
26,2,0,0,2,4,1,0,0,0,10,1,0,0,3.0713231552859708,0
72,8,5,1,9,16,2,1,0,0,39,5,1,0,4.1569459459438525,1
109,4,2,3,7,15,2,1,0,1,18,2,0,0,3.8880226607021426,1
164,7,5,1,7,17,8,1,1,0,15,4,0,0,4.468267228218049,1
10,1,1,0,1,1,2,0,1,0,13,0,0,0,3.1294724259441753,0
136,9,2,2,9,8,9,1,1,0,29,2,0,1,4.357772493335668,1
48,2,1,0,3,4,0,0,0,1,18,1,0,0,2.818185043088738,0
87,9,7,2,3,10,4,0,0,1,32,4,1,0,3.864452687681856,1
57,2,0,0,2,3,1,0,1,1,15,1,0,0,2.112118855454473,0
126,6,5,4,4,9,2,1,0,1,27,2,1,0,4.161282669053774,1
23,1,0,0,3,2,0,0,0,0,11,1,0,0,2.7035905103317304,0
182,9,7,2,4,16,9,0,1,0,32,3,1,0,4.463797753009049,1
143,4,6,2,7,14,8,1,0,0,26,3,0,1,4.244263889151673,1
24,2,0,0,3,1,0,0,0,0,10,1,0,0,3.076905535433854,0
39,2,0,0,2,4,1,0,1,0,17,1,0,0,2.631703784363749,0
137,5,7,4,8,12,9,1,0,0,32,2,1,0,4.872127747138104,1
19,2,0,0,1,3,0,0,1,0,10,1,0,0,2.7353329619806113,0
14,1,1,0,3,3,1,0,0,0,17,1,0,0,2.606330065839824,0
52,1,0,0,2,0,0,0,1,1,13,1,0,0,2.285685495545069,0
39,1,0,0,1,4,0,0,1,0,18,1,0,0,3.3083067934983426,0
13,1,1,0,3,4,1,0,0,0,11,1,0,0,2.298375220605837,0
47,1,1,0,3,1,2,0,1,0,14,1,0,0,2.1982426662875354,0
198,9,4,1,7,11,6,0,0,0,28,5,0,0,4.344033133686094,1
88,4,4,2,8,9,2,0,0,0,36,2,1,0,3.828942923757246,1
142,5,4,2,7,7,6,1,0,1,16,4,0,0,4.214734096030739,1
32,1,0,0,1,3,0,0,1,0,18,0,0,0,2.5746521503858766,0
84,8,4,1,9,6,7,1,0,0,18,4,0,1,4.6710990950430045,1
20,1,0,0,2,3,0,0,1,0,18,1,0,0,2.3268567047230775,0
47,2,1,0,2,4,1,0,1,0,8,0,0,0,2.254557858732867,0
53,2,0,0,1,1,1,0,1,0,9,1,0,0,2.5052286664511856,0
106,4,7,4,6,8,5,0,1,0,19,3,0,1,4.265090342816215,1
12,2,0,0,2,3,2,0,1,0,14,1,0,0,3.188685003708895,0
22,1,0,0,1,1,1,0,1,0,8,1,0,0,2.404235075200045,0
111,3,2,4,3,13,6,1,0,1,23,4,1,0,4.451082584016475,1
197,9,4,4,4,5,4,0,0,1,21,4,0,0,3.5523204587300414,1
172,6,2,1,6,13,3,1,0,0,23,5,0,0,3.5016972126813055,1
18,2,0,0,2,4,0,0,1,0,5,1,0,0,2.968018434875912,0
44,2,0,0,2,0,1,0,1,0,13,1,0,0,2.6437858729400516,0
16,2,0,0,2,2,0,0,0,0,12,1,0,0,3.1659532222158777,0
120,6,2,3,4,8,3,1,1,1,36,5,1,1,4.823250086706549,1
65,3,3,4,9,11,5,0,1,0,28,2,1,0,4.594549441170082,1
129,5,3,2,6,14,6,1,1,1,23,5,0,0,3.5651843694517558,1
31,2,0,0,3,4,1,0,1,0,11,1,0,0,2.60048222373092,0
42,2,0,0,2,3,1,0,1,0,18,0,0,0,2.2962294224780484,0
22,2,0,0,2,1,0,0,1,0,6,1,0,0,2.1333942841325357,0
37,2,0,0,1,1,1,0,1,0,19,1,0,0,3.4042195031481692,0
129,7,3,3,6,11,8,1,0,0,38,3,1,1,4.691090938824132,1
38,1,1,0,1,4,0,0,0,0,7,1,0,0,2.8375767163553327,0
41,2,0,0,2,0,1,0,1,0,12,0,0,0,3.362284393544754,0
127,8,5,1,6,15,8,1,0,1,22,2,0,0,3.6377755058438015,1
147,9,2,1,9,8,5,1,1,1,37,4,1,1,3.6241026245933616,1
94,8,2,4,7,12,9,1,0,0,35,5,0,0,4.160222670836198,1
39,2,0,0,3,1,1,0,0,0,14,1,0,0,3.1350573651672042,0
50,2,0,0,1,1,0,0,1,0,12,1,0,0,2.543647116781656,0
54,2,0,0,2,4,1,0,0,0,15,0,0,0,3.435487653305662,0
50,1,0,0,2,2,1,0,1,1,11,0,0,0,2.5308585008177253,0
141,8,2,3,8,7,9,1,1,0,21,2,0,1,4.227607978344761,1
173,3,2,2,3,6,2,1,0,0,18,3,0,1,4.214936240762944,1
55,1,1,0,1,2,0,0,1,0,12,1,0,0,2.498984899731337,0
40,1,1,0,2,4,0,0,1,0,15,1,0,0,3.404520421206625,0
121,9,3,3,9,13,6,1,1,1,39,2,1,1,4.842659338595138,1
35,2,0,0,3,4,0,0,1,0,10,0,0,0,3.4898391009208236,0
12,2,1,0,3,2,2,0,0,0,11,1,0,0,2.964119069112919,0
25,1,1,0,3,4,2,0,1,0,6,1,0,0,2.6714358089982877,0
103,4,4,1,7,13,3,0,0,0,29,2,0,1,4.628232338386499,1
96,9,4,1,7,14,7,0,0,0,21,5,0,0,3.888860203085405,1
129,3,5,3,9,19,7,1,0,1,34,4,0,1,3.968732489214282,1
173,6,2,3,8,8,2,1,0,0,18,2,0,1,4.233169082344499,1
29,2,0,0,3,0,2,0,1,0,5,0,0,0,2.053622591698797,0
24,1,0,0,2,1,2,0,1,0,15,1,0,0,3.4371841932194194,0
76,4,2,4,9,10,9,0,1,0,16,3,0,1,4.152202300654742,1
168,6,2,4,6,8,2,0,1,1,38,4,0,0,4.886934226763793,1
190,7,5,2,6,6,4,1,1,1,21,4,0,0,4.234897629867291,1
193,6,7,4,5,5,2,1,0,1,26,4,0,1,3.688419055280453,1
128,3,3,4,8,13,3,0,0,1,29,4,0,1,4.14116288128484,1
87,4,4,4,9,14,5,0,1,0,17,4,0,0,4.134284117850292,1
27,1,1,0,1,3,1,0,1,0,15,1,0,0,3.07615167631738,0
36,1,0,0,3,1,2,0,1,0,7,1,0,0,2.641106640841401,0
121,5,6,1,6,11,2,1,0,1,27,3,1,1,3.972584744911399,1
38,2,0,0,3,1,2,0,1,0,12,1,0,0,2.946455667305087,0
162,5,3,1,3,16,5,1,0,1,17,3,1,0,4.020570538930666,1
114,3,4,3,6,14,6,1,0,1,39,4,0,1,3.648843344124015,1
11,2,0,0,1,4,1,0,1,0,11,1,0,0,3.341784855366459,0
130,6,6,3,3,17,2,1,0,1,19,2,0,0,4.719715085449005,1
51,1,0,0,2,4,0,0,1,0,8,0,0,0,3.2452744499265407,0
37,2,1,0,2,0,1,0,1,0,13,1,0,0,2.6418042722794866,0
39,2,1,0,3,2,2,0,0,0,16,1,0,0,2.7260584103417727,0
45,1,1,0,2,2,2,0,0,1,6,0,0,0,3.0863073692125553,0
100,6,6,2,6,16,3,0,1,0,38,5,0,0,3.83524147138376,1
42,1,0,0,2,4,0,0,1,0,10,1,0,0,3.4608166505654596,0
139,3,2,3,6,9,3,1,0,0,16,4,0,1,3.87508513776523,1
125,6,7,2,8,14,7,1,0,1,31,3,1,0,3.5120477958134346,1
11,2,1,0,1,3,2,0,1,0,13,0,0,0,2.933939041042879,0
75,8,7,4,9,18,7,1,1,1,15,3,0,1,4.049379508997712,1
193,6,6,4,9,5,7,1,0,1,29,4,0,0,4.721025103279895,1
51,3,4,4,4,10,2,1,0,1,35,2,0,0,3.8689889001068813,1
18,1,1,0,1,3,1,0,1,0,12,1,0,0,2.753959707463303,0
87,6,2,4,5,15,2,1,0,0,36,4,0,0,4.690576138677819,1
158,3,5,4,6,8,6,1,0,1,20,4,0,0,4.618607472561784,1
50,2,1,0,1,3,2,0,1,0,9,1,0,0,2.2291256475014247,0
25,1,1,0,3,4,1,0,1,0,15,0,0,0,2.64945132049858,0
193,4,7,3,8,6,9,0,1,0,38,3,0,1,4.593353203686124,1
54,1,0,0,2,1,1,0,1,0,10,0,0,0,2.252320403501315,0
22,1,1,0,1,0,2,0,1,0,12,0,0,0,2.2686789262354328,0
120,5,3,2,4,18,8,1,1,0,36,4,1,0,4.248095547637897,1
196,3,4,3,7,11,4,0,1,0,22,3,1,0,3.7117490497955448,1
58,2,1,0,1,2,1,0,1,0,6,0,0,0,2.693844962470699,0
58,2,0,0,2,0,0,0,1,0,12,0,0,0,2.679497151244946,0
25,1,1,0,3,0,1,0,0,0,19,0,0,0,2.4951676967828615,0
18,2,1,0,1,1,2,0,1,0,15,0,0,0,2.6191446091231905,0
148,5,7,4,5,9,7,0,1,1,29,3,0,0,4.141760855940579,1
50,1,1,0,1,4,1,0,1,0,5,1,0,0,2.466681021139471,0
52,9,6,3,3,10,4,0,0,1,37,4,0,0,4.06729202462162,1
83,3,5,3,4,8,9,1,0,0,27,2,1,1,4.151106622723971,1
71,4,3,2,5,10,3,1,1,1,38,5,1,0,4.7355864292054815,1
53,1,1,0,1,1,0,0,1,0,16,0,0,0,2.4815322894117,0
56,1,1,0,2,3,2,0,1,0,13,1,0,0,2.0268102962544736,0
79,6,5,2,4,8,9,0,0,1,27,3,0,0,4.473120405854981,1
103,9,7,4,9,17,8,1,0,0,25,5,0,1,4.8114448403332615,1
67,3,4,4,8,11,3,1,1,1,31,5,1,0,4.233096903465931,1
150,7,3,4,6,16,2,1,1,1,29,4,0,1,4.212796579185424,1
171,6,7,2,8,13,5,1,1,1,16,4,1,1,4.353712355681402,1
56,2,1,0,3,1,1,0,1,0,14,1,0,0,3.095366249405386,0
51,7,4,1,9,14,9,0,0,1,23,4,1,0,3.834122486568783,1
56,6,4,3,6,16,8,1,0,0,27,4,0,1,3.6560186814276205,1
111,3,6,2,6,10,5,0,1,0,21,2,1,1,4.216835991418624,1
159,3,5,2,6,6,4,0,1,0,19,4,0,0,4.4932788285677505,1
140,3,7,2,4,13,3,0,0,1,18,4,0,1,3.993616125335048,1
69,4,3,3,4,17,5,1,0,1,21,2,0,1,3.717974684504939,1
138,3,4,1,5,8,4,1,0,1,15,3,1,0,4.484707276295247,1
93,6,2,1,3,10,3,1,0,1,15,2,0,0,4.625785971045124,1
30,1,1,0,1,4,0,0,1,0,7,1,0,0,2.9461695996573978,0
46,1,1,0,2,1,2,0,1,0,9,0,0,0,2.003276141758336,0
39,2,1,0,3,4,0,0,1,0,6,1,0,0,2.7226337445934723,0
20,1,0,0,2,1,1,0,1,0,9,1,0,0,2.516657432642765,0
18,1,1,0,1,2,0,0,0,0,18,1,0,0,2.523054216264468,0
54,3,7,2,7,10,9,0,1,1,16,4,0,0,4.664587052979089,1
101,7,4,2,3,7,4,1,1,1,17,4,1,0,4.1446180716135,1
53,4,4,4,6,14,2,1,0,0,27,2,0,1,3.7994729629340345,1
12,1,0,0,2,0,2,0,1,0,19,1,0,0,2.0576384684585878,0
178,4,2,3,7,18,7,1,0,1,16,4,0,0,4.062446823611793,1
20,2,0,0,1,2,0,0,1,0,19,0,0,0,2.90916439977946,0
105,3,5,1,3,14,5,1,0,0,28,5,0,0,4.433250386260411,1
16,2,1,0,2,4,0,0,1,0,7,1,0,0,3.442990864800234,0
27,1,0,0,2,3,2,0,1,0,8,0,0,0,3.2288458652601535,0
147,8,4,2,6,5,2,0,0,0,39,4,0,0,4.684802161069614,1
53,8,5,1,3,16,8,1,1,0,25,2,0,0,4.835172704464714,1
164,6,5,2,4,11,5,1,0,1,32,4,0,1,3.822130498737624,1
32,2,0,0,2,2,2,0,1,0,7,1,0,0,2.8769330133700306,0
81,7,3,1,8,16,9,0,0,1,28,2,0,0,4.009240872589914,1
20,2,0,0,3,1,2,0,1,0,18,1,0,0,2.820374439173332,0
141,3,4,3,6,5,4,0,0,1,16,3,0,1,4.845571082315287,1
39,2,1,0,2,1,1,0,0,0,10,0,0,0,2.5840802820015383,0
28,1,1,0,2,1,1,0,1,0,18,1,0,0,2.3792133669474733,0
186,7,5,1,4,18,8,0,0,0,39,2,0,1,4.421964228402329,1
24,2,0,0,1,2,2,0,1,0,15,0,0,0,3.376276952824356,0
51,1,0,0,3,2,2,0,0,0,18,0,0,0,3.490453172739413,0
29,2,0,0,2,1,0,0,1,0,11,1,0,0,3.005623271988435,0
59,7,3,3,9,8,5,0,1,0,18,2,0,0,4.560229167515216,1
112,3,4,1,4,16,5,1,1,1,26,5,0,1,4.830753032441887,1
112,7,2,2,9,13,2,0,0,1,22,2,0,0,4.481932243695582,1
176,4,3,2,6,5,8,0,0,0,21,2,0,1,3.572825640813295,1
59,2,0,0,1,4,2,0,1,0,9,1,0,0,3.448990613612489,0
63,9,5,2,6,7,2,1,0,0,17,2,0,0,4.071327683163153,1
85,7,4,2,5,16,8,1,1,1,28,3,0,0,4.936973080413649,1
57,7,7,3,9,8,7,0,0,0,20,4,0,1,4.298495903880654,1
163,3,4,2,3,8,4,1,0,1,26,2,0,1,4.158954908491996,1
198,9,5,3,7,16,4,0,1,1,15,5,0,1,4.66348195298905,1
124,5,3,2,8,10,8,0,0,1,38,5,1,1,4.9129616482153855,1
39,2,1,0,1,0,1,0,0,0,19,0,0,0,3.2184440831352217,0
69,5,5,3,4,7,9,1,0,1,32,2,1,0,4.369172628873034,1
145,4,7,2,8,19,2,0,0,0,29,2,1,1,4.5402003589460405,1
91,6,6,3,5,10,9,1,0,1,23,5,1,0,4.506955269640274,1
160,8,3,2,9,13,3,1,0,0,19,5,0,0,4.752868321607004,1
14,2,1,0,3,1,0,0,1,0,6,1,0,0,2.0121270147950163,0
140,3,6,3,6,10,6,0,0,0,37,2,0,0,4.501900603183614,1
175,9,4,1,7,6,3,1,1,1,27,5,1,0,4.160216309806906,1
140,3,2,3,7,15,6,0,0,1,25,3,0,0,3.8464495223240474,1
18,2,1,0,3,3,2,0,1,0,9,0,0,0,2.5221055562917103,0
98,5,2,1,3,12,8,1,1,0,39,5,0,0,3.9539334276228333,1
108,9,7,3,6,11,5,1,0,1,21,4,1,1,4.49653092898908,1
36,1,0,0,3,2,2,0,1,0,6,1,0,0,2.2210466032323666,0
69,8,6,4,4,14,8,1,0,1,33,3,1,0,3.8359076499645433,1
113,9,2,1,3,11,2,1,0,0,18,3,1,1,3.923549101328086,1
51,1,1,0,3,4,2,0,0,0,12,1,0,0,2.21383438570241,0
27,1,0,0,3,4,2,0,1,0,6,0,0,0,2.3478516826533724,0
50,1,1,0,2,2,2,0,0,0,18,1,0,0,3.23959816061695,0
57,1,1,0,1,0,0,0,1,0,6,0,0,0,2.8854680157361425,0
36,2,1,0,2,3,1,0,1,0,7,0,0,0,2.1731413410564016,0
79,3,6,1,8,9,2,0,1,1,22,5,0,0,4.883138980358497,1
17,2,1,0,3,1,1,0,0,0,7,0,0,0,3.405632597159744,0
166,3,3,4,4,10,3,1,0,1,31,3,1,0,3.841701133569284,1
51,5,2,2,4,10,4,1,0,0,39,5,0,1,4.034379564348202,1
21,2,0,0,1,4,1,0,1,0,19,1,0,0,3.0319760322855047,0
174,7,2,3,4,13,7,0,1,1,21,3,1,1,3.945417643930358,1
117,8,7,1,3,5,6,1,1,0,26,2,0,1,3.8852202215258584,1
15,2,0,0,3,0,0,0,1,0,9,1,0,0,2.2892028539996887,0
90,9,6,2,3,13,2,1,0,1,34,3,1,0,4.317512623585911,1
88,5,2,2,5,17,8,1,0,1,24,5,0,0,4.146141737542603,1
117,6,5,2,6,6,6,1,0,0,39,5,0,1,3.5481796341017215,1
22,1,1,0,2,2,1,0,1,0,13,0,0,0,2.8104413640085495,0
165,7,2,3,6,10,6,1,1,0,28,2,0,0,4.10409855480045,1
187,8,6,4,7,14,6,1,1,1,25,3,0,1,4.2345580912969965,1
127,8,6,1,3,15,5,1,0,1,28,3,0,0,4.002834770320358,1
11,2,1,0,3,2,0,0,1,0,11,0,0,0,2.211589699238446,0
46,1,1,0,3,4,2,0,0,0,14,1,0,0,2.165868780602989,0
64,3,2,4,4,8,7,1,0,0,36,3,1,0,4.391156957413138,1
104,4,2,4,9,14,3,1,0,1,30,2,1,0,4.929766307394709,1
58,7,5,2,9,13,8,0,0,1,29,2,0,0,4.804652852020888,1
55,6,4,1,4,7,2,1,0,1,21,2,0,0,4.672235364887857,1
38,2,1,0,2,2,1,0,1,0,19,0,0,0,2.9593307395659667,0
23,1,0,0,3,4,0,0,1,0,5,0,0,0,3.3091944876191643,0
124,4,3,1,8,19,7,1,0,1,25,4,1,0,4.683029643847136,1
31,1,0,0,2,4,2,0,1,0,9,1,0,0,3.4547311778615604,0
31,2,0,0,2,1,2,0,1,0,13,1,0,0,3.1867740010834016,0
95,7,3,3,4,5,5,1,0,0,30,4,0,1,3.533738494453311,1
21,1,1,0,1,1,0,0,0,0,12,1,0,0,3.3282857581297955,0
123,9,3,4,3,16,3,1,0,1,29,5,0,1,4.413031291824201,1
26,2,0,0,1,0,2,0,1,0,16,0,0,0,3.3706943891399432,0
94,6,3,2,5,8,5,1,0,0,27,2,1,1,4.09518932219848,1
63,8,4,1,5,6,9,0,0,0,23,3,0,1,4.195797832143271,1
74,3,7,4,4,13,6,1,1,1,23,4,0,0,4.890762256603983,1
36,2,0,0,3,0,2,0,0,0,19,1,0,0,2.9540605326978286,0
181,4,2,2,4,8,4,0,1,1,39,2,0,0,4.5431107228839585,1
46,2,1,0,2,1,0,0,1,0,8,1,0,0,3.460903108982292,0
36,1,0,0,2,0,1,0,0,0,19,0,0,0,3.0483291276756015,0
70,5,5,1,4,8,6,1,1,1,33,2,0,1,4.721077889632145,1
30,2,0,0,2,0,0,0,1,0,5,0,0,0,3.403806937946687,0
195,8,7,2,3,8,6,0,1,1,22,4,0,1,4.5600255435576855,1
24,2,0,0,3,4,2,0,1,0,7,1,0,0,3.303445659272441,0
54,6,6,2,8,16,8,0,0,1,26,2,0,1,4.609016499432958,1
113,8,5,1,7,5,2,1,1,1,15,5,1,0,4.509741099170396,1
13,1,0,0,2,4,1,0,0,0,17,1,0,0,2.045288023005783,0
119,5,7,3,6,8,9,1,0,0,34,5,0,1,4.485084059685096,1
161,9,6,1,7,19,3,0,0,1,37,3,1,0,4.998636151695966,1
143,4,6,1,8,6,6,0,0,1,20,4,0,1,3.5945504787496425,1
64,5,7,2,3,19,9,0,1,1,34,4,1,0,4.34650883477326,1
15,2,1,0,1,4,0,0,0,0,17,0,0,0,3.183950673662225,0
140,6,6,2,7,18,3,1,0,0,22,5,1,1,4.704686249268558,1
26,2,0,0,2,0,0,0,1,0,13,0,0,0,3.4376755346786876,0
181,3,7,2,4,15,6,1,0,0,23,2,0,0,4.220931100424966,1
37,1,1,0,3,2,1,0,1,0,14,0,0,0,3.435975276935828,0
21,2,1,0,3,4,1,0,1,0,15,1,0,0,3.3258383563116576,0
107,4,5,3,5,9,9,1,0,1,20,4,0,0,3.653600524694002,1
51,1,0,0,2,1,2,0,1,0,12,0,0,0,2.6600094778990293,0
57,1,1,0,2,1,0,0,0,0,10,1,0,0,2.1934059581297256,0
29,1,0,0,3,4,1,0,1,0,6,1,0,0,2.197356067818389,0
159,5,6,2,5,8,7,1,1,1,16,5,1,1,3.964637844887931,1
137,6,5,4,3,9,3,0,1,1,39,5,1,0,4.1020039146491385,1
14,2,0,0,1,0,0,0,0,0,15,1,0,0,2.602274381276903,0
37,1,1,0,3,4,0,0,1,1,9,0,0,0,2.233385486577512,0
62,8,7,4,9,6,7,0,0,1,17,2,1,0,3.659767455547702,1
56,2,1,0,1,2,0,0,1,0,19,1,0,0,3.271417061323474,0
10,1,0,0,3,2,0,0,0,0,12,0,0,0,2.865383207899465,0
38,2,0,0,2,2,1,0,1,0,15,1,0,0,2.4639033181882843,0
42,2,1,0,1,3,2,0,1,0,15,1,0,0,3.179423460935338,0
145,9,3,3,4,9,8,1,0,1,25,5,1,1,3.8477677348249495,1
56,2,1,0,3,1,0,0,1,0,16,0,0,0,2.3394564292268516,0
47,2,1,0,2,4,2,0,1,0,7,0,0,0,2.642514191652441,0
52,4,7,3,3,10,3,0,0,0,23,4,1,1,4.49292437971984,1
122,7,7,2,3,11,2,0,0,0,33,2,0,1,4.3238769070668415,1
47,2,0,0,1,1,2,0,1,0,9,0,0,0,2.50984373174275,0
45,2,0,0,1,1,1,0,1,0,7,0,0,0,3.271347194417742,0
111,3,4,1,4,5,9,0,1,0,21,3,1,0,4.209552687625551,1
19,2,1,0,3,3,1,0,1,0,5,0,0,0,2.5012950673052736,0
148,6,7,3,7,7,6,0,1,1,39,3,0,1,4.753613367836979,1
37,2,0,0,1,1,2,0,0,0,16,1,0,0,3.1618254912105375,0
10,1,0,0,1,1,0,0,1,0,10,0,0,0,2.6350046636995725,0
16,1,0,0,2,2,0,0,1,0,19,1,0,0,3.257802361480605,0
163,3,4,2,6,18,6,1,0,0,34,2,0,0,3.6127378480071273,1
57,1,1,0,3,4,2,0,1,0,5,1,0,0,2.830467826998852,0
31,1,0,0,2,4,0,0,1,1,11,0,0,0,3.231173673759356,0
32,1,0,0,1,1,1,0,1,0,16,1,0,0,2.674519776327736,0
177,7,3,3,3,17,6,1,1,1,37,2,1,1,4.66442249602744,1
40,1,1,0,2,2,2,0,1,0,17,1,0,0,2.736711453701993,0
35,1,1,0,1,0,1,0,0,0,7,0,0,0,2.728243836748809,0
109,3,2,1,8,13,5,0,0,0,39,2,0,1,4.428720704073785,1
26,2,1,0,2,3,1,0,1,0,17,0,0,0,2.766069930417547,0
48,1,0,0,3,0,2,0,1,0,17,1,0,0,3.1962334665695256,0
71,8,7,2,6,11,8,1,1,1,24,4,0,1,4.0571253679898485,1
19,2,0,0,2,0,1,0,1,0,9,0,0,0,3.0607062769035296,0
15,2,1,0,1,0,2,0,1,0,6,0,0,0,3.0929634855753503,0
167,6,5,4,4,10,2,1,0,1,24,3,0,1,3.814739874635842,1
64,3,4,2,5,7,5,1,1,1,29,4,0,1,3.910985900708885,1
90,6,6,1,4,12,7,1,0,0,19,5,0,0,3.782261969079377,1
32,1,1,0,1,4,1,0,0,0,12,1,0,0,2.408891429569978,0
32,2,1,0,1,4,2,0,0,0,10,1,0,0,2.2673516349039833,0
37,1,0,0,3,1,2,0,1,1,12,0,0,0,3.2688003593072525,0
42,1,0,0,2,0,2,0,1,0,13,1,0,0,2.984224571754748,0
28,2,0,0,2,1,2,0,1,0,10,1,0,0,3.1853236423279165,0
185,4,7,3,3,8,5,1,0,1,16,5,1,0,4.647503485987585,1
30,1,0,0,3,4,0,0,0,1,14,1,0,0,3.2966194866003926,0
146,7,3,2,3,16,8,1,0,0,15,2,0,1,3.8912126407891643,1
100,5,2,1,4,16,2,1,0,1,31,2,0,0,4.615605222428668,1
10,1,1,0,2,3,2,0,0,0,9,0,0,0,3.4566086879417295,0
21,1,0,0,2,3,1,0,0,0,6,1,0,0,3.0725029533465325,0
174,7,2,1,7,9,2,1,0,1,24,2,0,0,4.788162927842698,1
137,9,3,1,6,9,3,0,0,0,26,5,1,0,3.8978412430679317,1
171,6,6,1,9,13,3,1,1,0,38,3,0,1,4.201873447918317,1
145,5,5,4,8,5,8,1,1,1,19,4,1,1,3.943905451507312,1
75,8,2,3,9,8,5,1,1,1,32,2,0,0,3.8189347844289694,1
17,1,0,0,2,1,1,0,0,0,12,1,0,0,2.5901532341552906,0
35,1,0,0,1,1,2,0,1,0,6,1,0,0,2.9316111327056507,0
99,3,5,1,7,18,5,1,1,0,26,5,0,1,4.905514549268215,1
94,8,4,2,5,18,6,0,0,1,28,4,0,1,4.13796222545173,1
110,9,7,3,5,9,5,0,0,0,35,4,0,0,4.931974693983102,1
19,1,1,0,2,4,0,0,0,0,17,0,0,0,2.074227520330806,0
14,2,1,0,2,1,0,0,1,0,17,1,0,0,2.02944840708148,0
17,2,0,0,1,2,2,0,1,0,10,1,0,0,3.0244466280330307,0
20,1,1,0,3,1,1,0,1,0,7,0,0,0,2.5785984918497498,0
79,4,7,1,3,19,7,0,1,1,22,4,0,0,4.053981416317513,1
36,2,0,0,2,4,2,0,1,1,16,1,0,0,3.233633465024416,0
41,1,1,0,2,2,0,0,1,0,14,0,0,0,2.5814898508381985,0
195,4,3,1,9,10,9,1,1,1,33,5,0,0,3.6898345144913574,1
49,1,0,0,1,0,1,0,1,0,7,1,0,0,2.150742138859631,0
138,6,3,1,7,12,7,1,0,1,26,3,1,1,3.8025568360796624,1
85,8,2,2,3,9,2,0,0,0,27,5,0,1,3.8229957912930974,1
34,1,1,0,3,4,0,0,1,1,8,1,0,0,2.2375595307938,0
162,7,6,4,4,6,6,1,1,0,39,4,0,0,3.9359754940480527,1
21,1,0,0,1,1,2,0,1,0,18,0,0,0,3.003350158427927,0
199,6,7,1,5,5,6,1,0,0,20,2,0,0,4.629799552871344,1
159,7,6,2,8,17,4,1,0,0,29,2,1,1,3.759383746440892,1
64,6,5,3,8,16,3,1,1,1,23,4,0,1,4.903858377979724,1
28,1,1,0,3,1,0,0,1,0,18,0,0,0,2.2714595959670034,0
108,6,7,4,8,19,7,1,0,0,36,2,1,0,4.287595805286044,1
139,6,2,1,3,9,5,0,0,1,35,4,0,0,3.9908899177542985,1
73,5,3,1,5,6,5,1,1,1,19,4,0,0,4.345024043559446,1
58,1,1,0,2,3,0,0,0,0,5,1,0,0,3.202919480067605,0
14,2,0,0,1,3,1,0,1,0,12,0,0,0,2.2261054895467525,0
46,1,0,0,1,3,2,0,1,1,5,0,0,0,2.5387459079509296,0
26,1,0,0,1,2,0,0,1,0,9,1,0,0,3.143478142540964,0
35,2,0,0,1,3,2,0,1,0,19,0,0,0,2.054382343162291,0
108,5,3,4,4,10,6,0,1,1,15,2,1,1,4.221576691214477,1
12,2,0,0,1,0,0,0,1,0,10,0,0,0,2.889158448991298,0
47,1,1,0,3,4,0,0,1,0,5,0,0,0,2.0037913247478634,0
168,7,7,3,6,5,7,1,0,1,31,3,0,1,3.7935478089545596,1
99,6,7,4,9,14,8,1,0,1,26,5,0,1,4.100893061157908,1
19,1,0,0,3,0,2,0,1,0,9,0,0,0,2.230775083050915,0
27,2,1,0,2,0,2,0,1,0,7,0,0,0,2.5013229400561396,0
47,1,0,0,3,2,0,0,1,0,12,0,0,0,2.7801349064087515,0
36,2,1,0,1,4,2,0,1,0,15,1,0,0,2.092690716110031,0
42,1,1,0,3,4,0,0,1,0,6,1,0,0,2.4441419253700567,0
147,8,2,3,6,13,3,0,0,0,16,5,0,0,4.342508310649336,1
104,6,7,4,6,15,3,1,1,0,34,3,0,0,4.791033275860984,1
169,3,5,3,7,13,9,1,0,1,34,2,0,0,4.103409220835692,1
35,1,0,0,3,2,2,0,0,0,19,0,0,0,2.3201922742084533,0
102,4,7,3,6,8,7,1,0,1,38,2,0,1,4.300580992028121,1
113,6,7,4,5,9,7,0,0,1,39,4,1,1,3.8098836682588884,1
154,5,6,2,6,17,6,0,1,0,35,5,0,0,4.560041570513772,1
91,9,5,2,3,19,9,1,0,0,34,3,0,0,4.35164183822162,1
160,3,2,1,8,17,7,0,1,1,36,2,0,0,3.939899128614245,1
43,1,1,0,3,2,1,0,1,1,8,1,0,0,2.0091929709705214,0
53,1,1,0,2,2,1,0,0,0,8,0,0,0,3.410351289309334,0
53,6,6,2,3,11,9,0,1,0,36,5,1,1,4.9920487386872745,1
24,2,0,0,3,3,1,0,0,1,13,1,0,0,3.270570378305832,0
135,9,5,4,7,18,8,1,1,1,32,4,0,0,3.8012768240766746,1
136,3,3,1,3,10,8,0,0,1,30,2,0,1,4.741519110805311,1
20,2,0,0,2,4,2,0,0,0,10,1,0,0,2.9880865013411095,0
35,1,0,0,3,2,1,0,0,0,16,0,0,0,2.5774263258928207,0
45,1,0,0,2,1,2,0,0,0,13,1,0,0,2.3496411062930846,0
24,2,0,0,3,3,0,0,1,0,5,1,0,0,3.41665694353249,0
80,9,3,2,4,7,7,0,0,0,29,3,0,0,4.0144026737550575,1
15,1,0,0,2,3,0,0,1,0,17,1,0,0,3.132780911372391,0
49,2,1,0,1,2,0,0,1,0,10,0,0,0,3.161390852648677,0
110,4,2,3,8,7,4,1,0,0,17,3,0,0,4.283110356706,1
23,2,1,0,3,2,2,0,1,0,6,0,0,0,2.8277423363353775,0
48,2,1,0,3,1,2,0,1,0,14,1,0,0,2.920186139946886,0
118,9,2,2,6,10,8,0,1,0,21,2,0,0,3.637457307763592,1
43,2,1,0,1,0,2,0,1,0,5,0,0,0,2.1243762810691917,0
183,8,5,3,6,13,9,0,1,0,31,2,1,0,4.861944077781576,1
141,4,6,2,8,11,4,1,1,1,38,3,1,0,3.945950898838459,1
87,8,7,1,3,12,3,1,0,0,31,4,0,1,4.146591866436184,1
18,2,1,0,3,3,0,0,1,0,8,0,0,0,2.762235959840221,0
12,1,0,0,3,4,0,0,0,0,11,1,0,0,2.3475509872637876,0
39,1,0,0,2,4,1,0,1,0,16,1,0,0,2.0483230406755593,0
90,5,7,2,9,5,9,1,1,1,24,2,0,0,4.117795198079677,1
51,2,1,0,3,3,1,0,1,0,18,0,0,0,2.3111888022198177,0
137,3,2,1,6,6,5,1,0,0,28,3,1,1,4.511354842442298,1
174,3,7,3,9,8,9,1,0,0,20,3,0,0,4.020285516393335,1
165,3,7,3,5,12,3,1,0,1,33,4,1,1,4.793407594029409,1
81,3,3,3,9,15,3,1,0,1,20,4,0,0,4.170937309808942,1
127,7,7,4,7,12,8,0,0,1,22,4,0,0,3.9857744461187674,1
17,1,0,0,3,1,0,0,1,0,10,1,0,0,3.3238239716965223,0
103,8,5,4,8,6,6,1,0,0,35,5,0,0,3.6483566698055765,1
11,1,0,0,1,4,1,0,1,0,13,0,0,0,2.8571170895663514,0
45,2,0,0,2,2,2,0,1,0,10,1,0,0,2.2740422190670744,0
28,2,1,0,1,0,0,0,1,1,17,0,0,0,2.589125275308065,0
43,1,0,0,2,0,0,0,1,0,7,0,0,0,2.8099223408320766,0
98,6,3,2,8,6,6,1,1,0,29,2,0,0,4.686544815517626,1
41,2,0,0,2,4,0,0,1,0,8,1,0,0,2.931700110272497,0
57,2,1,0,1,4,1,0,1,0,6,0,0,0,2.686864110447073,0
50,1,0,0,2,4,2,0,1,0,6,1,0,0,3.099807207429465,0
66,5,6,4,6,14,4,1,1,0,21,3,0,1,4.585999811179343,1
19,1,1,0,3,0,1,0,1,0,16,1,0,0,3.030316339475277,0
53,1,1,0,3,0,2,0,1,0,16,0,0,0,2.9559197151846313,0
146,3,6,2,7,6,2,0,1,1,33,2,1,0,4.754553939515129,1
108,5,3,1,4,17,5,1,0,0,36,5,1,0,4.2809336977571775,1
159,3,6,3,4,10,7,1,0,1,19,4,0,0,4.6379563758705675,1
30,2,1,0,3,1,1,0,0,0,16,1,0,0,3.340012462741412,0
126,9,3,3,8,11,4,0,1,0,33,4,0,0,4.629304166755356,1
33,1,1,0,2,3,0,0,1,0,15,0,0,0,3.4995044646845503,0
48,2,1,0,1,4,0,0,0,0,10,1,0,0,3.297185332999843,0
144,5,3,2,8,7,9,0,0,0,33,3,0,1,4.166258877151716,1
112,3,6,3,3,8,2,1,1,1,29,5,1,0,4.258498614626568,1
13,2,1,0,2,4,1,0,1,0,10,0,0,0,2.88898797182817,0
85,5,4,1,6,9,8,0,0,1,33,2,0,0,4.11701937332225,1
19,2,1,0,2,4,0,0,1,0,8,0,0,0,2.0894593769431573,0
21,2,0,0,1,3,0,0,1,0,11,1,0,0,2.377639079818172,0
156,9,6,2,9,6,3,1,1,0,15,2,0,1,4.3738275445769,1
10,1,1,0,3,1,0,0,1,0,19,1,0,0,3.2043947620614146,0
46,2,1,0,1,2,1,0,0,0,10,0,0,0,2.8341733122308197,0
16,1,1,0,3,3,1,0,1,0,7,0,0,0,3.400286469074946,0
25,1,1,0,3,3,2,0,0,1,10,1,0,0,2.957376478095483,0
56,2,1,0,2,1,1,0,0,1,13,1,0,0,2.014337279222103,0
47,2,0,0,2,3,1,0,0,0,8,1,0,0,3.025124198440564,0
13,1,0,0,2,2,0,0,0,0,13,1,0,0,2.7374200172604963,0
42,1,0,0,3,4,2,0,1,0,15,1,0,0,2.447385734564727,0
59,1,1,0,1,3,0,0,0,0,16,1,0,0,2.0503387724708766,0
58,1,1,0,2,1,2,0,1,0,12,1,0,0,2.0725083562671394,0
185,8,2,3,8,9,8,1,1,1,30,3,0,0,4.511034419902449,1
24,2,1,0,3,2,1,0,0,0,16,1,0,0,2.7488985119731257,0
23,2,1,0,1,1,0,0,1,0,8,1,0,0,2.542217501141413,0
57,1,0,0,3,2,2,0,1,0,18,1,0,0,2.7068550309374713,0
53,2,1,0,3,0,0,0,1,0,11,0,0,0,3.3500443558020763,0
194,4,5,2,8,14,3,1,0,1,16,4,0,0,4.301372634384238,1
14,2,0,0,2,4,2,0,1,0,5,1,0,0,2.5453344408015095,0
55,2,1,0,2,2,2,0,1,0,19,0,0,0,2.1937046060995016,0
188,5,7,3,9,6,8,1,1,1,30,4,0,1,3.683080650621974,1
47,2,1,0,3,2,1,0,1,0,5,1,0,0,3.293027958516,0
45,2,0,0,2,4,1,0,0,0,12,0,0,0,2.477198797000236,0
44,1,1,0,2,4,1,0,1,0,18,1,0,0,3.3067554979414586,0
72,7,6,1,3,11,9,1,0,1,27,5,0,0,4.365920103455727,1
50,5,3,2,9,6,7,0,0,1,29,2,1,1,3.7124038634194827,1
51,2,0,0,1,4,2,0,1,0,6,1,0,0,2.3851066619492176,0
36,1,1,0,1,0,2,0,1,1,10,1,0,0,2.3834630439631628,0
99,8,2,1,9,13,6,1,1,0,26,2,0,1,4.814728419631049,1
62,4,5,4,8,18,3,1,1,0,36,4,0,1,3.690806179006671,1
102,5,7,2,6,12,9,0,0,0,30,4,0,0,4.232507215992978,1
27,1,1,0,2,3,0,0,1,1,9,1,0,0,2.088515705334501,0
173,5,7,3,8,16,8,0,1,1,23,2,0,0,3.673417832288622,1
34,2,0,0,1,2,2,0,1,0,11,0,0,0,3.0908969878891246,0
49,1,1,0,3,0,2,0,0,0,14,0,0,0,2.144375874856588,0
50,1,1,0,1,2,1,0,1,0,15,0,0,0,2.445675737191763,0
59,5,6,1,7,14,3,1,0,0,22,4,0,1,4.291280262941314,1
10,1,1,0,3,2,2,0,1,0,11,1,0,0,2.380259283387522,0
161,6,2,2,3,14,5,1,1,1,39,5,1,1,3.5723661847048125,1
57,2,1,0,2,0,0,0,1,0,17,0,0,0,2.7736042825610676,0
116,4,2,4,5,12,3,0,1,0,37,5,1,0,4.61985001070509,1
194,8,6,1,7,19,9,0,0,1,24,3,0,0,3.5539847433030016,1
119,8,3,3,3,11,3,1,1,0,25,5,1,0,4.792448909368321,1
46,1,1,0,3,0,0,0,1,0,17,1,0,0,3.4384510192358695,0
165,3,4,3,5,15,5,0,1,0,23,4,0,1,4.026077764181377,1
20,1,1,0,1,1,0,0,1,0,10,0,0,0,3.027785910521546,0
172,8,3,3,6,6,2,1,0,1,25,3,0,0,4.764078685309203,1
145,9,3,3,3,11,4,1,0,1,27,4,0,0,3.901357312067331,1
12,2,1,0,1,1,1,0,1,0,10,1,0,0,2.134217574473626,0
59,1,1,0,2,0,1,0,0,1,17,0,0,0,3.1999222224385733,0
198,7,3,1,7,10,2,0,0,1,21,4,1,0,4.7291571226899025,1
14,1,0,0,3,3,1,0,1,0,5,1,0,0,2.0965623252725596,0
51,1,0,0,1,2,1,0,0,0,5,1,0,0,2.8909061657879063,0
55,2,1,0,1,0,0,0,1,0,10,0,0,0,3.203540826473717,0
24,2,0,0,2,3,0,0,1,0,12,0,0,0,2.5766133963727773,0
42,1,0,0,3,4,1,0,1,0,5,1,0,0,3.4770283308728587,0
171,4,5,1,5,8,8,1,1,1,23,4,1,0,4.3183615201181675,1
179,9,6,4,4,5,8,1,0,0,32,5,0,1,3.7201710824536884,1
39,2,1,0,2,4,0,0,1,0,5,0,0,0,3.434900851650961,0
99,9,5,2,5,15,5,1,1,1,16,3,0,1,3.7344758320988567,1
180,6,7,3,7,6,4,1,0,0,25,5,0,0,4.907352983383449,1
132,7,7,2,7,15,6,0,0,0,17,2,0,0,4.969093595399359,1
35,1,0,0,3,4,0,0,1,0,5,1,0,0,2.6503146542057014,0
147,4,6,2,8,18,9,0,0,1,18,3,0,0,4.265340240798793,1
132,5,6,3,4,12,2,1,0,0,23,4,1,1,4.82087366468145,1
43,2,0,0,3,0,2,0,1,0,7,0,0,0,3.3461104537885378,0
114,5,2,2,7,12,6,0,1,1,20,4,1,0,3.7111998683145355,1
39,1,1,0,3,0,2,0,0,0,10,0,0,0,2.520750259511439,0
152,9,5,3,9,8,6,1,0,0,18,4,1,0,4.46728296004569,1
146,8,6,1,9,19,2,1,1,0,28,5,0,0,4.106288201280021,1
27,1,1,0,2,0,2,0,1,0,18,0,0,0,2.2347618486206846,0
20,1,1,0,1,4,2,0,1,0,15,0,0,0,2.809151533231904,0
43,2,0,0,1,2,0,0,1,0,6,1,0,0,3.3929094943655294,0
51,2,1,0,2,2,1,0,0,0,19,1,0,0,3.276933258946272,0
122,5,5,2,7,7,7,1,1,0,39,2,1,1,4.8739880020431166,1
119,6,3,2,7,13,8,0,1,1,31,5,0,0,4.75243139334896,1
26,2,1,0,1,3,1,0,1,0,5,0,0,0,3.0382696003156133,0
160,5,3,1,3,8,5,1,1,1,16,3,0,0,4.789777207873495,1
18,2,0,0,3,1,0,0,1,0,14,0,0,0,2.006722539988293,0
59,2,0,0,3,2,1,0,0,0,6,0,0,0,2.7473175300683654,0
92,8,3,3,3,19,5,1,0,1,22,4,1,0,3.5732624349811157,1
123,7,6,4,8,9,3,1,1,1,31,5,1,0,4.389856582348126,1
140,4,6,4,9,19,2,1,1,1,20,2,0,0,4.847668301216275,1
197,9,4,3,3,8,9,1,1,1,18,5,0,0,3.9075419242538887,1
28,2,1,0,1,2,0,0,1,0,15,1,0,0,2.060421887249407,0
52,1,1,0,2,0,2,0,1,0,16,0,0,0,3.1694515342002187,0
145,5,6,3,8,18,3,1,1,1,34,2,0,1,4.3791805232082455,1
14,1,1,0,1,2,0,0,1,0,10,1,0,0,2.0128321551772554,0
97,9,5,3,6,13,6,1,1,0,30,4,0,0,4.144726547212073,1
11,2,1,0,2,2,0,0,1,0,11,1,0,0,3.020092093621934,0
21,1,1,0,1,4,0,0,1,0,14,0,0,0,3.453863195687057,0
184,3,2,2,9,17,3,0,0,1,33,3,0,0,4.993784643767244,1
164,8,7,1,4,15,9,1,0,0,18,3,1,0,4.754586590429458,1
150,5,3,4,9,7,7,0,0,1,37,4,0,0,3.7925453476837316,1
29,2,1,0,1,1,0,0,1,0,15,1,0,0,2.5106760433154087,0
38,1,0,0,3,0,2,0,1,0,10,1,0,0,2.5857735465265907,0
94,4,3,3,7,19,5,0,0,1,32,4,0,0,4.107838674394001,1
42,1,1,0,1,4,1,0,1,0,6,0,0,0,2.9250949030631084,0
14,1,1,0,3,3,2,0,1,0,5,0,0,0,2.4230903763268374,0
17,1,1,0,3,2,0,0,1,1,15,1,0,0,2.1551527499731433,0
141,3,4,3,7,8,6,1,1,1,36,2,0,0,4.099788042705823,1
37,2,0,0,3,4,0,0,1,0,19,1,0,0,3.161092560419174,0
10,2,0,0,1,4,1,0,1,0,18,0,0,0,2.275344362179863,0
183,4,4,1,6,18,4,1,1,0,15,3,1,1,3.8855093483336485,1
93,8,7,4,9,10,9,0,1,0,29,3,1,0,3.7236346231523716,1
120,3,2,2,3,18,9,1,0,1,36,4,1,0,3.7110431357911193,1
67,7,7,2,8,15,8,1,1,0,28,3,1,0,4.771467719978064,1
54,2,1,0,3,3,2,0,1,0,6,0,0,0,3.4838097886971395,0
33,2,1,0,3,0,0,0,0,0,15,0,0,0,3.2793865372676745,0
72,8,7,3,9,12,9,1,1,1,34,5,1,0,4.071721480041576,1
174,7,4,4,7,19,6,1,0,1,23,2,0,1,3.9711160646297703,1
141,9,6,1,8,16,9,0,1,0,28,2,0,1,4.636906609409249,1
187,8,6,1,9,14,6,1,0,0,29,2,0,1,4.213690687602104,1
23,2,0,0,3,3,2,0,1,0,5,0,0,0,2.495322837740041,0
15,2,1,0,3,0,1,0,1,0,14,1,0,0,2.313779195121264,0
10,1,1,0,2,4,1,0,1,0,5,0,0,0,2.606720401250283,0
51,1,0,0,2,2,1,0,1,1,6,0,0,0,3.2441003302984037,0
16,2,0,0,3,4,1,0,0,0,6,1,0,0,2.9659969304457103,0
125,4,7,1,8,18,6,1,0,0,25,3,1,1,4.4539253456807675,1
20,2,0,0,2,1,1,0,1,0,15,1,0,0,3.1895925813553214,0
38,2,1,0,2,1,0,0,1,0,18,0,0,0,2.7805195053073612,0
143,4,6,2,7,17,2,1,0,0,22,5,1,1,4.035906382994067,1
50,1,1,0,1,1,1,0,1,0,19,0,0,0,3.353003899204852,0
56,2,1,0,3,0,1,0,1,0,15,0,0,0,2.2388925415116416,0
175,7,3,1,7,11,6,1,1,0,34,3,1,0,4.188093236300361,1
144,7,3,2,6,11,6,1,0,1,28,2,1,0,3.5253400326072777,1
13,1,1,0,3,2,0,0,1,0,7,1,0,0,3.1622747698011486,0
187,3,7,3,7,13,4,1,1,1,25,4,1,0,3.7800258888714753,1
32,1,0,0,1,2,0,0,1,0,12,0,0,0,2.056841544325994,0
46,2,0,0,2,3,1,0,1,0,6,1,0,0,2.8851400992320118,0
53,2,1,0,2,2,0,0,0,0,10,0,0,0,2.5901722298354537,0
105,4,7,4,3,9,2,1,0,1,18,2,1,0,4.8960620175325005,1
11,2,0,0,3,0,2,0,1,0,10,0,0,0,2.5467514468231887,0
12,1,0,0,3,2,0,0,1,0,13,1,0,0,2.7024864610528327,0
54,3,6,2,9,13,5,1,0,1,30,2,0,1,3.564255981783498,1
98,9,7,3,9,16,8,0,0,0,21,2,0,1,4.1198340162376565,1
189,3,2,1,7,8,5,1,0,1,21,5,0,0,3.921406157513328,1
62,6,5,1,5,18,9,1,0,1,38,3,0,0,4.021926292146489,1
52,1,1,0,2,1,0,0,1,0,8,1,0,0,2.3863515884742754,0
16,1,1,0,1,1,2,0,1,0,8,0,0,0,2.763738693814488,0
86,9,7,4,7,17,7,0,0,0,25,3,0,1,4.079046573539329,1
195,8,5,1,7,7,9,1,0,0,15,5,0,0,4.997403464306103,1
14,2,0,0,2,4,1,0,0,0,19,1,0,0,2.8870138846979625,0
160,7,4,2,8,16,7,0,0,1,33,5,0,0,4.253222678955478,1
46,1,0,0,2,4,0,0,1,0,12,1,0,0,2.5198116046452865,0
147,4,6,4,7,17,7,0,0,1,36,4,0,0,4.762558647834421,1
41,1,0,0,3,0,0,0,1,0,15,0,0,0,2.5979434424661125,0
151,5,3,4,4,10,3,0,0,1,27,5,0,0,3.8289922760463786,1
36,1,1,0,1,0,0,0,1,0,8,0,0,0,2.397990001014027,0
45,2,0,0,3,0,2,0,1,1,18,0,0,0,2.5564319696135307,0
10,2,1,0,2,3,0,0,1,0,14,0,0,0,3.3745476601135937,0
20,1,0,0,2,0,2,0,1,0,11,0,0,0,3.316766225712537,0
11,1,0,0,3,0,1,0,1,0,9,0,0,0,2.214965054413416,0
16,2,0,0,3,3,2,0,1,0,7,1,0,0,2.2585428738280626,0
156,5,3,1,4,5,7,0,0,0,32,5,0,0,4.426610750937497,1
42,1,0,0,3,4,1,0,1,0,8,1,0,0,2.513749989512206,0
90,9,2,2,6,18,5,0,0,0,17,3,0,1,4.048293195360919,1
167,4,7,1,7,12,8,1,1,1,21,5,0,1,4.100571019795598,1
35,1,0,0,2,2,0,0,0,0,8,0,0,0,2.2206048568255152,0
167,4,2,3,6,18,3,0,1,1,24,3,0,0,4.353569862340511,1
107,8,7,4,9,5,5,1,0,1,22,5,0,1,4.866703655195125,1
155,9,6,2,7,19,9,1,1,1,26,4,1,0,4.548391491417825,1
66,7,5,2,9,6,3,0,1,1,31,2,0,0,4.520832271466723,1
26,1,0,0,1,4,1,0,1,0,18,0,0,0,2.495401082484374,0
27,1,0,0,3,4,2,0,0,0,10,0,0,0,2.253871396164342,0
117,9,3,3,4,15,9,1,0,1,39,2,0,0,3.9157720470119317,1
11,2,0,0,3,4,1,0,1,0,19,0,0,0,2.110167036508642,0
60,8,6,1,3,7,7,1,0,1,22,5,0,0,4.111314406901324,1
45,1,0,0,1,4,2,0,0,0,17,0,0,0,2.8032625834467466,0
58,1,1,0,1,1,2,0,0,0,8,0,0,0,2.958548746320046,0
24,1,0,0,2,3,1,0,1,0,7,0,0,0,2.2802516094418745,0
168,7,5,3,6,12,3,1,1,1,30,2,1,0,4.677165662575112,1
24,1,1,0,3,4,0,0,1,0,19,1,0,0,2.0497814453375023,0
102,9,6,1,7,9,7,1,1,0,23,3,0,1,4.748394328955223,1
182,4,2,4,3,18,7,1,0,0,24,5,0,0,4.628466456010184,1
33,2,0,0,2,3,2,0,0,0,6,0,0,0,2.5628982065651593,0
20,1,1,0,2,4,1,0,1,0,11,0,0,0,3.4968270623426907,0
30,2,1,0,1,2,1,0,1,0,17,1,0,0,2.3278226922808445,0
56,1,0,0,1,3,0,0,1,0,8,0,0,0,2.821232649724207,0
97,4,3,4,7,5,9,0,0,0,18,2,1,0,4.071418644010711,1
34,2,0,0,1,3,1,0,0,0,6,0,0,0,2.8300886603446456,0
47,1,1,0,1,1,2,0,1,0,9,0,0,0,3.3692910674869254,0
186,5,2,4,9,17,5,1,0,0,18,4,0,1,3.5332486338359175,1
17,2,0,0,3,1,2,0,0,0,17,1,0,0,3.377287659844601,0
119,8,2,4,9,11,3,1,0,1,18,2,0,1,4.738795131563478,1
43,1,1,0,1,2,0,0,0,0,12,1,0,0,2.420169053459848,0
24,2,0,0,1,1,2,0,1,0,8,0,0,0,3.333331909484724,0
170,9,2,3,8,15,2,0,0,1,19,2,0,1,3.9369542130577253,1
67,9,5,1,5,18,3,1,0,1,37,4,0,1,3.7936626671197042,1
42,2,0,0,3,1,2,0,1,0,11,0,0,0,2.8352226769540896,0
24,2,1,0,3,2,2,0,0,0,14,1,0,0,2.524809636050231,0
99,8,6,3,6,16,3,0,0,1,32,5,0,0,4.820446576127812,1
18,1,0,0,1,2,2,0,1,0,8,1,0,0,2.236454053749471,0
133,7,2,2,8,15,6,1,0,0,38,3,0,0,3.7496302782836786,1
56,2,0,0,1,1,0,0,1,0,5,1,0,0,2.5533269335610083,0
56,1,1,0,2,1,0,0,1,0,8,0,0,0,3.1640734383040705,0
93,9,3,2,3,6,4,1,0,1,23,5,0,0,4.421097477091098,1
11,2,1,0,3,0,1,0,1,0,13,0,0,0,2.2860139201321874,0
53,2,0,0,1,4,2,0,1,0,19,0,0,0,2.352260407303378,0
196,5,7,2,4,5,6,1,0,1,25,2,1,0,4.034561774439868,1
18,2,0,0,1,3,1,0,1,0,6,0,0,0,2.0097342820804958,0
116,7,3,2,5,5,5,0,0,0,36,3,0,1,4.86686773363145,1
20,2,1,0,2,3,0,0,1,0,10,1,0,0,2.62368335236588,0
55,2,1,0,3,2,0,0,1,0,19,1,0,0,2.363633142509111,0
119,9,6,1,5,19,2,1,1,1,31,5,1,1,3.8042611911210202,1
183,4,6,3,8,13,7,1,0,0,37,4,1,1,3.6087478910075816,1
86,5,4,1,4,12,2,0,0,0,32,3,1,0,4.450808669078119,1
32,2,0,0,1,1,0,0,0,0,6,0,0,0,2.57056840555771,0
54,1,1,0,3,2,0,0,1,0,6,1,0,0,2.51196386073484,0
68,4,6,4,4,12,9,1,1,1,21,5,0,1,3.9050037216817928,1
38,2,1,0,1,3,2,0,1,0,14,0,0,0,2.7970974604944834,0
85,4,3,3,7,7,6,1,1,0,33,5,0,0,4.822334391602002,1
86,5,6,1,8,19,5,0,1,0,15,4,1,0,4.494793738022509,1
67,9,6,1,9,7,8,1,1,0,39,4,0,1,4.755649252683353,1
27,2,0,0,1,4,2,0,1,0,18,1,0,0,2.4516307706978204,0
31,2,1,0,2,0,2,0,1,0,14,0,0,0,2.0830860950314087,0
18,2,1,0,1,0,0,0,1,1,12,0,0,0,2.416293187977543,0
166,5,4,3,5,10,7,1,1,1,38,5,0,1,3.76585429665853,1
43,2,1,0,2,1,2,0,1,0,6,0,0,0,2.822949666029399,0
70,5,4,2,3,14,8,1,1,0,20,4,0,0,4.906988100090299,1
122,9,6,4,8,8,9,1,0,1,34,5,1,1,4.560550832050755,1
34,1,0,0,2,2,0,0,1,0,7,0,0,0,2.0726289587158724,0
75,4,3,2,9,15,3,1,0,0,32,5,0,0,4.105510486436041,1
149,9,7,3,7,15,6,1,0,0,31,2,0,1,4.498066563727262,1
55,1,0,0,1,3,2,0,0,0,10,0,0,0,2.4388946654359143,0
194,6,7,2,9,18,4,1,1,1,36,4,1,0,4.576871602584108,1
73,9,2,3,4,8,9,1,1,1,30,5,0,1,4.0899255049891865,1
186,9,4,4,4,7,2,1,0,0,39,5,0,1,4.805538246933537,1
164,3,6,4,7,5,3,1,0,1,37,5,1,0,3.966949659228513,1
125,7,3,1,9,8,5,1,1,1,30,2,0,0,3.602788981395482,1
137,8,5,2,9,9,5,0,0,1,21,3,0,1,3.948620317483117,1
30,2,0,0,1,2,2,0,1,0,11,0,0,0,3.128404191418009,0
29,2,0,0,1,3,0,0,0,0,18,0,0,0,3.160278785363155,0
22,2,0,0,2,1,2,0,1,0,6,0,0,0,2.172888843539055,0
33,1,1,0,2,2,0,0,0,1,18,1,0,0,2.3847989264164675,0
53,8,5,4,4,11,6,1,0,0,28,5,0,1,3.986900160919476,1
193,6,3,4,3,17,6,1,1,0,15,4,0,0,4.240275480087158,1
112,8,2,1,7,11,4,1,1,1,35,5,0,0,4.295262154650684,1
122,5,5,2,4,6,5,1,0,0,31,5,0,0,3.8693985859711786,1
168,6,6,4,6,13,8,1,0,0,21,5,1,1,4.834996223871698,1
45,2,1,0,1,4,0,0,1,1,7,0,0,0,3.4835681211367278,0
41,1,1,0,2,1,2,0,0,0,6,0,0,0,2.5701752883118463,0
50,2,0,0,3,4,0,0,0,0,6,1,0,0,2.204415957303975,0
159,7,6,3,6,9,4,1,0,1,36,5,0,0,3.5893162070037445,1
179,4,3,2,7,9,5,1,0,1,30,4,0,0,4.080696339908426,1
157,9,3,1,8,9,5,0,1,1,31,2,0,1,4.617608921887233,1
176,8,7,1,8,17,7,1,0,1,24,3,0,0,4.575780334587908,1
16,1,1,0,1,2,2,0,1,0,9,1,0,0,2.321902992822958,0
11,1,0,0,3,1,1,0,0,0,14,0,0,0,3.48488223691241,0
50,3,6,1,3,18,6,0,1,0,22,5,0,1,4.489554409340386,1
47,1,0,0,1,1,2,0,0,0,8,1,0,0,3.1541989916715742,0
149,9,3,2,4,16,8,0,1,0,28,2,0,1,4.883299585753528,1
20,2,0,0,2,1,1,0,1,1,12,0,0,0,3.087510236670968,0
34,1,1,0,2,3,0,0,1,0,14,1,0,0,2.65330436512875,0
11,1,1,0,2,3,1,0,1,0,16,1,0,0,2.931066295603923,0
53,1,0,0,3,0,2,0,1,0,16,1,0,0,2.2160305370775495,0
42,1,1,0,3,4,0,0,1,0,9,1,0,0,3.419260557194518,0
96,9,7,4,8,15,3,1,1,1,34,4,1,1,3.567158558777143,1
168,3,2,1,7,19,7,1,1,0,22,4,0,0,4.006852138662595,1
85,3,5,1,8,8,6,1,0,0,39,2,0,1,3.8399709482496056,1
13,2,1,0,1,0,0,0,1,0,11,0,0,0,2.4358688433569933,0
38,2,1,0,3,2,1,0,1,0,5,1,0,0,3.4463334171309175,0
194,7,4,2,9,12,9,0,1,1,25,3,1,0,3.7794644262536754,1
27,2,1,0,3,2,2,0,1,0,11,1,0,0,2.2967819745164966,0
117,6,5,3,4,14,4,1,0,1,22,5,0,1,4.777139591622509,1
62,3,5,2,9,11,9,1,0,0,36,4,1,0,3.920644792360365,1
46,1,0,0,2,1,2,0,1,0,17,0,0,0,2.411420564337698,0
50,2,1,0,2,2,0,0,1,0,5,1,0,0,3.146974417385536,0
16,2,0,0,2,3,0,0,0,0,14,0,0,0,2.346444506450937,0
90,7,5,1,8,12,4,1,0,1,18,5,1,1,4.706838071702945,1
15,1,0,0,1,4,0,0,1,0,14,1,0,0,3.407119044914375,0
51,8,5,1,8,11,5,1,0,0,18,3,1,1,4.785796380836831,1
42,1,0,0,2,3,2,0,1,0,19,1,0,0,2.5081167413655083,0
198,4,2,1,4,5,5,1,1,0,25,2,1,0,4.680195063596864,1
66,9,3,2,5,18,9,1,1,0,20,3,1,1,4.443482580836529,1
151,4,3,4,7,15,4,0,1,0,26,4,1,0,3.771215952556453,1
58,2,1,0,3,3,2,0,0,0,14,0,0,0,3.2195768107149623,0
189,7,2,4,4,5,4,1,1,0,32,2,0,0,4.45172010976022,1
32,2,1,0,3,1,0,0,1,0,18,0,0,0,2.3654915188127674,0
143,7,6,2,5,13,3,0,1,1,18,5,1,1,3.8517963079779114,1
52,2,1,0,2,4,1,0,0,0,14,0,0,0,3.3892610661046305,0
50,1,1,0,2,4,1,0,0,0,12,1,0,0,2.4721347392911537,0
130,9,3,1,6,8,6,0,0,1,17,2,0,0,4.874073014311465,1
120,4,3,3,8,10,8,1,0,0,32,3,1,0,4.808080147069241,1
103,5,5,1,7,8,9,1,1,0,19,3,0,1,4.87271185438248,1
190,9,3,2,3,16,7,0,0,1,18,5,0,0,4.457859106558448,1
64,4,7,1,8,5,6,1,0,1,35,5,0,1,4.37290582099105,1
71,7,5,4,5,19,8,1,0,0,31,3,0,0,3.940418247597125,1
60,7,2,2,7,10,2,1,1,1,29,4,1,0,4.115745399684334,1
80,6,2,2,5,5,4,1,1,1,19,4,1,0,4.3864325989107105,1
19,2,1,0,3,3,1,0,1,0,11,1,0,0,2.7498619350437115,0
138,7,5,1,9,16,5,1,1,1,20,2,0,0,4.677337091995775,1
52,2,0,0,2,3,1,0,1,0,16,0,0,0,3.2567385798854014,0
37,2,1,0,2,2,0,0,1,0,19,1,0,0,2.5137088343537433,0
143,4,7,2,5,8,8,0,0,1,20,3,0,1,3.9514797638926753,1
59,4,4,2,8,8,4,1,0,0,21,3,0,0,3.6455811964750664,1
12,1,0,0,2,1,2,0,1,0,10,1,0,0,2.6910484816191476,0
54,2,1,0,3,3,2,0,1,0,11,1,0,0,3.3196504068643478,0
149,4,4,3,8,19,8,1,0,1,27,4,0,0,3.911857625974612,1
61,5,6,2,6,10,7,0,1,1,19,2,0,0,4.1140144457434165,1
93,9,3,3,9,11,5,0,0,1,36,5,0,0,4.987811817023466,1
32,1,1,0,1,0,2,0,0,1,9,0,0,0,2.504164469330906,0
60,8,5,2,4,7,6,1,1,1,20,2,1,0,4.411982346794806,1
23,2,0,0,2,0,1,0,0,0,13,1,0,0,2.4535535506639072,0
50,1,0,0,2,2,1,0,1,0,9,1,0,0,2.9078611363582727,0
76,3,7,3,3,9,4,1,1,1,30,4,0,0,4.440421782862632,1
30,2,0,0,3,2,2,0,1,0,5,0,0,0,3.497971827401331,0
19,1,1,0,2,0,0,0,1,0,10,1,0,0,2.503781473791248,0
37,1,1,0,2,2,0,0,1,0,7,0,0,0,3.3549720013492785,0
90,3,2,2,6,8,4,1,0,0,24,4,1,0,4.683305164727121,1
27,2,0,0,2,2,0,0,1,0,10,1,0,0,2.930164298024236,0
53,2,1,0,1,4,0,0,0,0,17,1,0,0,3.4115297340458515,0
185,4,3,1,6,15,2,1,0,1,32,3,0,1,4.284059004758153,1
108,4,3,2,9,19,7,1,1,1,31,4,0,1,4.245885855907414,1
147,4,7,3,3,8,4,1,1,0,25,4,0,0,4.237120631934323,1
155,6,4,4,5,10,7,1,0,1,15,2,1,0,3.7231122648072463,1
10,2,0,0,1,1,1,0,1,0,12,1,0,0,3.1120924584196246,0
188,6,3,4,8,7,2,1,0,0,15,5,0,0,4.061319193608587,1
35,1,1,0,3,4,0,0,1,0,16,1,0,0,2.7583117246599365,0
29,1,1,0,1,4,2,0,1,0,8,0,0,0,3.1668352135882625,0
192,9,3,2,4,11,4,0,0,0,39,4,0,0,4.812157043755004,1
54,2,1,0,3,2,2,0,1,0,17,0,0,0,2.3641973967915084,0
193,9,6,3,3,19,9,1,1,1,36,4,1,0,4.681657220132853,1
50,7,3,3,4,15,5,1,0,1,21,4,0,0,4.119075090624545,1
170,5,4,3,3,11,3,1,0,1,23,3,1,1,4.375418324211575,1
97,7,3,2,8,17,8,0,0,0,23,3,0,1,4.742162763902462,1
95,6,2,1,6,16,9,1,1,0,34,2,1,1,4.277496180514747,1
58,1,0,0,2,3,2,0,1,0,9,1,0,0,2.3060129547661505,0
147,6,6,4,6,14,5,0,1,0,25,4,1,0,4.393540243720352,1
150,9,5,1,4,7,3,0,1,0,29,3,0,1,3.711972460104135,1
130,5,2,1,4,12,9,1,1,1,39,4,0,1,3.9269448679089787,1
34,2,0,0,2,1,1,0,1,0,15,1,0,0,2.445632979780861,0
30,1,0,0,3,3,2,0,1,0,7,1,0,0,3.2154987613637536,0
24,2,0,0,3,3,2,0,1,0,15,0,0,0,2.809127289130201,0
11,1,1,0,2,1,2,0,1,0,16,1,0,0,2.011546704432069,0
66,6,5,3,9,6,2,1,1,0,22,4,0,0,4.523339565058986,1
94,7,4,3,7,9,9,0,1,1,25,3,0,0,4.936484711583047,1
84,5,3,3,9,6,9,1,0,1,17,4,0,1,4.432639079143096,1
18,2,1,0,3,1,0,0,1,0,9,1,0,0,2.772706510191651,0
31,2,1,0,2,3,1,0,0,0,19,1,0,0,2.9010168844328077,0
30,1,0,0,2,3,0,0,1,0,19,0,0,0,3.281738920093504,0
48,2,1,0,3,2,0,0,1,0,11,0,0,0,2.9927323969836603,0
11,2,1,0,2,3,2,0,1,0,10,1,0,0,2.7591251984686354,0
36,1,0,0,3,2,2,0,1,0,16,1,0,0,2.3197677938349246,0
102,6,3,2,8,11,6,1,1,0,17,5,0,0,4.066246563706284,1
129,4,5,2,9,11,4,1,1,1,21,5,1,0,4.071714972939468,1
19,2,0,0,1,2,0,0,1,0,18,1,0,0,3.0061957797343517,0
53,6,5,3,8,10,2,1,0,0,15,5,0,1,4.416257984877401,1
19,2,1,0,3,3,1,0,1,0,19,0,0,0,3.24908464669572,0
76,8,4,1,4,13,3,1,0,1,36,5,0,0,3.636580775464197,1
157,4,2,4,8,18,5,0,0,0,15,2,1,1,3.6161175113379396,1
170,6,3,3,3,19,5,1,1,1,34,2,0,0,4.423108516141657,1
44,1,0,0,1,3,0,0,1,0,5,1,0,0,2.0986516547518637,0
110,4,6,4,8,8,6,1,0,1,19,2,0,1,4.136239524508984,1
26,2,1,0,1,1,0,0,1,0,6,1,0,0,3.247179851368033,0
158,9,5,3,6,11,5,1,0,0,16,3,0,0,4.24098089814521,1
122,5,5,1,4,18,8,0,0,0,22,2,0,1,3.751747282047214,1
164,6,4,3,6,8,8,1,0,0,21,2,0,1,4.545911519563921,1
154,4,6,1,7,10,4,1,0,1,30,5,0,1,3.8512530292949636,1
151,8,7,3,9,8,8,1,1,0,27,3,0,1,3.770847525012837,1
35,1,1,0,2,2,1,0,1,0,14,0,0,0,3.001142009010484,0
100,7,4,2,3,15,8,1,0,1,16,4,0,1,4.059397352849917,1
51,5,3,2,6,11,7,0,1,0,39,3,0,0,4.21181963967226,1
198,3,4,4,9,9,3,0,0,0,34,3,1,1,3.813773379370211,1
135,9,2,2,7,9,2,1,1,1,29,2,0,0,4.5419334311607145,1
59,2,0,0,2,1,2,0,1,0,5,1,0,0,3.384838817729349,0
185,8,6,3,4,11,7,1,0,0,22,5,1,1,3.6394211996805597,1
62,9,7,3,6,15,3,1,0,1,39,3,0,0,4.409134010834805,1
48,1,1,0,3,0,1,0,1,0,10,1,0,0,2.5027297139334808,0
179,5,6,3,3,12,3,1,1,1,18,5,1,0,4.848060244362189,1
12,1,0,0,1,3,2,0,1,0,7,1,0,0,2.784788380413039,0
179,9,7,4,5,16,8,1,1,1,20,5,0,0,3.889566656099495,1
103,8,4,4,5,11,9,1,0,1,32,3,0,0,4.337288352949637,1
29,1,1,0,2,0,1,0,1,0,5,1,0,0,2.0931052050627668,0
91,7,7,3,5,10,9,1,1,0,19,4,1,1,4.1202333700962575,1
32,1,1,0,3,2,1,0,1,0,15,0,0,0,2.9201393922818477,0
43,2,1,0,3,0,0,0,1,0,14,1,0,0,2.915387682785347,0
150,6,7,2,9,9,2,0,0,1,35,4,0,0,4.531064586091807,1
18,2,1,0,1,2,0,0,1,0,11,1,0,0,2.811064932374295,0
148,3,6,4,8,14,6,0,1,1,20,3,0,1,3.7867745586459742,1
12,2,0,0,2,4,0,0,0,0,5,1,0,0,2.553110640398014,0
13,1,1,0,2,1,1,0,1,0,17,1,0,0,2.503271519118981,0
168,8,7,1,4,6,8,1,0,1,21,5,1,0,4.374679992333513,1
134,6,5,3,7,10,2,1,1,0,20,5,1,1,3.598665055116717,1
100,4,2,1,8,7,2,0,0,0,19,4,0,0,3.614852962730174,1
196,7,6,4,8,16,5,0,0,1,22,2,0,0,3.703616276677758,1
53,1,1,0,3,1,0,0,1,0,15,1,0,0,2.7223835826618163,0
145,5,7,3,3,12,9,1,0,0,32,5,0,0,3.981768888451196,1
33,1,0,0,1,3,0,0,1,0,12,1,0,0,3.4050590650733383,0
41,1,0,0,2,1,2,0,1,0,8,1,0,0,2.697085634375056,0
56,5,6,2,9,7,7,1,1,0,28,5,0,0,3.532777065811668,1
11,1,1,0,1,4,1,0,1,0,8,1,0,0,2.223026588535045,0
18,1,1,0,2,0,0,0,0,0,6,1,0,0,2.2089588000091367,0
52,9,7,3,9,5,3,1,0,1,31,3,1,1,3.7740696103449256,1
23,2,1,0,3,3,0,0,0,1,17,1,0,0,2.3934758217470096,0
79,7,3,2,7,15,6,0,0,0,28,3,0,0,4.5426079279017735,1
123,9,2,3,4,15,6,1,1,1,31,2,1,1,4.8431210871005295,1
24,1,0,0,1,0,0,0,1,0,10,0,0,0,2.133277227607146,0
75,6,2,1,7,5,2,1,0,1,20,3,1,1,3.8775191057904657,1
198,4,7,3,6,5,9,1,0,0,18,5,0,1,4.848216639541132,1
18,2,1,0,3,3,0,0,1,0,7,1,0,0,3.1814017196924667,0
59,4,3,4,3,18,8,1,0,0,35,4,0,0,4.478478802330327,1
184,5,2,2,7,5,2,1,0,1,15,5,0,0,4.723540065866699,1
151,4,4,1,3,17,3,1,0,1,15,4,1,0,4.4488690463304295,1
49,1,0,0,1,4,1,0,1,0,10,1,0,0,2.8458381692438994,0
69,4,6,2,8,14,6,1,0,1,26,5,0,1,4.810999138306841,1
38,2,0,0,1,4,0,0,1,0,16,1,0,0,2.2610962061109627,0
95,4,4,2,7,15,8,1,0,1,26,2,0,1,4.02136985653625,1
36,1,0,0,1,1,0,0,0,0,18,1,0,0,3.3784021146657457,0
131,4,4,3,8,11,2,1,1,0,34,2,0,0,4.354237757780014,1
51,1,0,0,3,4,0,0,1,0,9,1,0,0,3.3059012638635674,0
119,5,6,3,4,5,4,0,0,1,29,5,1,1,4.264402833236918,1
190,4,2,2,7,18,8,1,0,1,20,4,0,0,3.7282560741696944,1
59,8,6,3,5,12,4,1,0,1,36,3,0,1,4.79745283914572,1
171,8,5,4,6,7,6,1,0,1,30,2,1,0,3.697871987616084,1
48,1,1,0,2,0,0,0,0,0,9,0,0,0,2.1127892715526344,0
192,3,7,1,9,16,7,1,0,1,34,3,1,1,3.789684260395605,1
26,1,1,0,2,3,0,0,0,0,16,1,0,0,2.4408748953358486,0
23,2,0,0,3,4,0,0,1,0,17,0,0,0,2.0172387044503064,0
62,5,5,4,4,16,9,1,0,1,28,4,0,0,4.158656671110451,1
96,6,6,1,9,12,8,0,0,0,39,5,0,0,4.991724323678201,1
21,2,1,0,3,2,0,0,1,0,11,1,0,0,2.5881922204539087,0
153,8,4,1,5,8,6,1,0,1,29,4,1,0,3.839507417656229,1
89,4,7,2,7,5,3,0,1,0,38,3,0,1,3.684631780104906,1
42,2,1,0,1,0,0,0,1,0,8,1,0,0,2.411031076103612,0
42,1,1,0,1,1,0,0,1,0,16,1,0,0,2.042915215398853,0
145,5,7,4,9,13,7,0,0,1,32,3,1,0,4.985596694137947,1
60,6,5,1,3,12,9,1,1,1,24,2,0,1,4.327295979398424,1
138,8,7,4,4,19,8,0,0,0,33,4,0,0,3.947741169181053,1
51,1,1,0,1,0,1,0,1,0,10,0,0,0,2.867863117074836,0
69,7,4,1,8,12,7,1,1,0,30,5,0,0,4.671238750116393,1
58,6,4,4,9,11,3,0,1,0,16,3,0,0,3.5855098919745387,1
143,5,7,2,7,15,6,1,0,1,19,2,1,0,3.862721628555729,1
15,2,1,0,1,1,2,0,1,0,12,0,0,0,3.4114349318884023,0
34,1,0,0,3,0,2,0,1,0,19,0,0,0,2.7341023778955904,0
187,4,6,2,4,7,7,1,1,1,29,5,1,1,4.466645740271928,1
51,1,0,0,2,3,2,0,1,0,11,0,0,0,3.4866322326824237,0
11,2,1,0,1,0,1,0,1,0,13,0,0,0,2.4803879967694744,0
173,7,3,3,9,14,6,0,0,0,18,5,1,1,4.101844999417538,1
37,1,1,0,3,2,2,0,0,0,7,0,0,0,2.6781148560186807,0
57,1,0,0,3,0,1,0,0,0,7,0,0,0,2.2032659037422584,0
81,5,6,4,3,7,4,0,1,0,24,3,1,1,4.640798303156655,1
160,4,5,4,7,19,6,1,1,0,24,2,0,0,4.097605122390708,1
124,8,7,3,7,9,9,0,1,1,31,5,0,0,4.213963952989619,1
132,4,6,1,5,11,4,1,1,1,25,4,0,1,3.8971604969409146,1
156,6,5,2,8,11,5,1,0,0,38,3,0,1,4.9905722123893685,1
153,5,7,4,9,8,5,1,1,1,38,5,1,0,4.501097936841211,1
142,7,3,1,5,8,2,0,0,1,26,2,1,1,4.03485956396609,1
178,3,6,2,9,8,5,1,1,0,18,2,1,1,4.226208690676918,1
59,1,1,0,3,0,1,0,0,0,12,0,0,0,2.5236789052163777,0
22,1,1,0,1,4,0,0,1,1,5,0,0,0,2.728641680823725,0
138,5,2,1,5,12,4,1,0,1,32,5,0,0,4.625772391458161,1
35,1,0,0,3,1,2,0,1,1,6,1,0,0,3.2101725685288676,0
15,1,1,0,3,0,1,0,1,0,16,1,0,0,3.469877478093943,0
37,2,0,0,3,1,0,0,1,0,12,0,0,0,2.647900135045215,0
55,1,0,0,1,0,1,0,0,1,18,1,0,0,2.14246626207476,0
185,8,5,1,7,17,2,1,0,1,26,3,0,0,4.1685393329389075,1
32,2,1,0,2,4,0,0,1,0,14,0,0,0,3.1697638715289753,0
134,7,6,2,9,9,7,1,0,1,18,2,0,0,4.5403436839557045,1
56,2,1,0,2,3,1,0,1,0,11,1,0,0,2.1155483722306414,0
27,2,1,0,3,0,2,0,1,0,5,0,0,0,3.1334115702526972,0
88,7,5,3,4,5,2,0,0,1,39,4,1,1,4.173695848840237,1
77,6,4,2,8,9,4,0,0,1,26,4,0,1,3.923983479136017,1
149,4,3,2,3,7,6,0,0,0,35,3,0,0,4.07559013923691,1
70,5,4,1,4,17,8,0,0,0,30,3,1,0,4.535030205972923,1
41,2,0,0,1,1,2,0,1,0,11,0,0,0,2.1453626520167166,0
59,1,1,0,3,3,2,0,1,0,16,1,0,0,3.0842812695130313,0
11,1,0,0,2,4,1,0,1,0,9,1,0,0,2.6126280612480386,0
33,1,0,0,1,4,1,0,1,0,12,1,0,0,3.424964410323779,0
185,4,6,3,7,10,6,1,0,0,17,2,0,0,4.609651681625957,1
197,3,7,1,8,15,3,1,0,0,29,2,1,0,4.882696634755264,1
33,1,1,0,1,1,2,0,1,0,12,0,0,0,2.8272987339958906,0
199,6,4,3,8,14,6,0,0,1,19,3,1,0,4.172196289812152,1
59,2,1,0,1,3,1,0,1,0,14,0,0,0,2.355751521947895,0
55,2,0,0,1,4,0,0,1,0,16,1,0,0,2.156364798327166,0
21,1,0,0,2,0,2,0,1,0,11,0,0,0,2.3045444978496707,0
94,9,2,3,3,15,9,1,1,1,26,3,0,0,4.83342838353596,1
48,1,1,0,2,2,1,0,1,1,17,1,0,0,2.5045101843187045,0
49,1,0,0,1,0,0,0,1,0,18,0,0,0,2.480007328642022,0
127,3,2,4,4,14,8,1,0,1,29,3,1,0,3.517281518039065,1
155,4,6,2,8,18,9,1,0,1,36,3,1,0,4.544260272284031,1
77,8,4,4,3,19,5,1,0,0,17,4,1,0,3.583068701221937,1
148,7,4,4,5,19,5,1,0,1,31,2,0,0,3.756174438173217,1
87,3,2,2,8,17,9,1,0,1,33,2,0,0,4.589839862284288,1
59,2,1,0,3,3,0,0,1,0,19,0,0,0,2.910121535488296,0
108,8,2,2,4,16,9,1,0,0,35,2,0,0,3.735744234487625,1
182,9,7,4,8,9,5,1,1,1,32,3,0,1,4.07069633473144,1
17,1,0,0,3,4,1,0,1,0,6,0,0,0,3.1385831145658964,0
190,8,2,4,6,6,8,1,0,0,34,2,0,1,4.991993448308381,1
70,6,4,2,4,17,3,0,0,0,26,2,1,1,3.8935222251001633,1
103,4,6,2,8,16,3,1,0,0,18,2,0,1,4.6547870085183405,1
29,2,1,0,1,0,0,0,1,0,19,1,0,0,2.7328790788337285,0
173,6,4,2,8,17,7,0,0,1,15,4,0,0,4.767335101739436,1
68,9,6,2,3,12,4,1,0,0,29,4,1,0,4.765687016699751,1
25,1,1,0,2,1,2,0,1,0,16,0,0,0,2.5023144402193007,0
16,2,1,0,2,4,2,0,0,0,14,0,0,0,2.133402867133202,0
116,3,2,3,6,18,3,1,0,1,30,5,1,1,4.259853968085814,1
140,9,6,4,7,12,3,1,0,0,27,4,0,1,4.538383084393857,1
22,1,0,0,1,1,0,0,1,0,8,0,0,0,2.076739271294407,0
59,2,1,0,3,3,2,0,0,0,16,0,0,0,2.5488075547234637,0
56,1,0,0,1,4,1,0,1,0,9,1,0,0,2.8202030388717683,0
159,6,2,3,7,12,2,0,0,1,25,4,1,1,3.9152101956742307,1
57,2,0,0,3,1,1,0,1,0,17,1,0,0,2.658641932357813,0
21,1,0,0,1,1,2,0,1,0,18,1,0,0,2.4858079250308496,0
54,2,0,0,2,4,1,0,1,0,14,0,0,0,2.099009649694899,0
51,2,1,0,2,4,2,0,1,0,19,1,0,0,2.309613301537843,0
38,1,0,0,3,4,1,0,1,0,17,0,0,0,2.232437349421431,0
41,1,1,0,2,3,1,0,1,0,5,1,0,0,2.858999755207839,0
163,5,7,1,3,6,9,1,1,0,20,4,1,1,4.52560231673214,1
54,1,0,0,2,2,2,0,1,1,7,0,0,0,3.486012276906784,0
114,9,4,3,5,8,8,1,0,0,27,5,0,0,4.614973240482907,1
55,2,1,0,1,0,1,0,1,0,16,0,0,0,3.3372782241596513,0
12,1,0,0,2,1,2,0,1,1,5,0,0,0,2.303105751449239,0
30,2,1,0,1,4,2,0,1,0,17,1,0,0,2.8674656451888847,0
183,7,2,3,7,13,7,1,1,1,32,3,1,0,4.833554066199802,1
25,2,0,0,1,0,1,0,1,0,8,0,0,0,3.492546837509053,0
28,1,0,0,2,4,1,0,0,0,12,1,0,0,2.8302274303764916,0
45,1,0,0,2,3,1,0,1,0,13,1,0,0,2.8858031595230385,0
57,1,0,0,2,2,0,0,1,0,10,0,0,0,2.0641303066239396,0
42,1,1,0,2,4,2,0,1,0,12,0,0,0,3.1692325197073004,0
56,2,0,0,1,2,0,0,0,0,14,1,0,0,2.9762575382553598,0
125,5,3,4,6,6,5,1,1,1,24,5,0,1,4.835147636281505,1
125,4,4,2,5,18,3,1,0,1,21,4,0,0,4.723313656128511,1
189,7,6,3,6,18,4,1,0,0,23,3,0,1,4.2571078253227945,1
164,6,7,3,7,18,2,1,0,0,23,5,0,1,4.585283535123729,1
21,2,0,0,1,4,1,0,0,0,12,1,0,0,3.1594032304797595,0
94,9,6,3,3,5,3,1,0,1,34,5,0,1,4.512724129173462,1
192,6,2,4,5,18,6,1,0,1,27,5,0,0,4.949467787329229,1
57,2,1,0,2,3,2,0,0,0,10,0,0,0,2.520211098976856,0
15,2,0,0,1,0,2,0,1,0,10,1,0,0,2.330431040433054,0
32,1,1,0,1,1,2,0,1,0,6,0,0,0,3.101464499912907,0
31,2,1,0,2,1,2,0,1,0,5,0,0,0,2.5569286346501814,0
37,2,0,0,3,3,2,0,1,1,17,0,0,0,2.020971187759268,0
24,1,1,0,3,1,1,0,1,0,10,0,0,0,3.4998071574112006,0
139,5,4,2,7,11,9,0,0,1,37,4,1,0,3.7913551370099734,1
19,1,0,0,2,2,0,0,1,0,17,1,0,0,2.5935072382052446,0
183,4,4,4,5,6,4,1,0,1,20,5,1,0,4.45967994314987,1
32,2,1,0,2,4,0,0,1,0,8,0,0,0,2.6439423767915198,0
139,4,3,3,7,15,9,0,1,0,20,4,0,0,3.817829809174936,1
53,2,0,0,3,3,2,0,1,0,19,1,0,0,2.9660348249533217,0
47,2,1,0,3,3,2,0,1,0,8,0,0,0,2.9900451659450344,0
43,1,0,0,3,0,1,0,0,1,17,0,0,0,2.089857051505046,0
53,1,1,0,3,0,1,0,1,0,15,0,0,0,2.2352456835449077,0
158,7,4,1,6,5,3,1,0,1,38,3,0,0,3.868226160720912,1
57,1,1,0,1,3,1,0,1,0,8,1,0,0,2.7741692751227216,0
13,2,1,0,3,2,2,0,1,0,17,0,0,0,2.074718449704807,0
51,1,1,0,1,4,1,0,1,1,8,1,0,0,3.253689991366831,0
182,3,7,4,7,9,7,1,0,1,32,3,0,1,4.510481496173365,1
12,2,0,0,3,3,1,0,1,0,12,1,0,0,3.4544926381291488,0
194,4,5,2,6,7,8,0,0,0,30,2,0,0,4.933193215443168,1
54,2,0,0,2,2,2,0,1,0,14,0,0,0,2.953224523319732,0
47,2,1,0,3,0,0,0,0,0,13,1,0,0,2.461631066096591,0
53,2,1,0,3,3,1,0,0,0,16,1,0,0,2.689417507660406,0
159,4,6,2,8,16,8,1,0,0,22,4,0,0,4.1959198125830195,1
51,1,0,0,2,3,2,0,1,0,17,0,0,0,3.2586028631265247,0
46,1,0,0,2,2,1,0,1,0,12,0,0,0,2.618723298903914,0
186,5,5,3,7,14,2,1,0,1,15,4,0,0,3.783852966423905,1
192,7,4,4,9,9,7,1,1,1,37,4,1,0,4.420326365503639,1
20,1,1,0,3,0,1,0,1,0,15,0,0,0,2.1944547532211396,0
13,2,0,0,1,0,1,0,0,0,11,1,0,0,2.391338457796304,0
109,7,7,4,9,15,4,0,1,1,35,5,1,1,4.36061636381688,1
194,5,6,3,5,18,3,1,1,1,24,4,0,1,4.192763438487962,1
56,2,0,0,1,3,1,0,0,0,18,0,0,0,3.4297738953663277,0
44,1,1,0,3,2,1,0,0,0,19,1,0,0,3.21732939601673,0
37,1,0,0,2,0,1,0,1,0,17,1,0,0,3.274440582416637,0
53,2,0,0,2,2,0,0,1,0,19,1,0,0,2.542666301658101,0
109,4,5,2,7,16,8,1,0,0,28,5,1,1,3.526447113401037,1
140,9,7,1,8,14,5,1,0,1,37,2,1,0,3.9795042068518844,1
151,4,2,1,9,5,2,1,1,1,29,5,0,1,4.823075775448949,1
139,5,5,1,5,15,2,1,0,0,28,5,0,1,4.340006546115888,1
83,9,5,3,6,10,4,1,1,1,39,4,0,0,4.811068871511746,1
96,7,2,4,8,6,8,1,1,0,37,2,0,0,4.759105015841758,1
17,1,0,0,2,0,1,0,1,0,6,0,0,0,3.343825755601321,0
102,8,6,1,5,13,4,1,0,0,20,5,0,0,4.7755382710313965,1
123,8,5,3,9,17,3,1,0,1,23,2,0,0,3.913388924965955,1
165,8,7,3,3,11,7,1,1,1,31,3,1,1,4.701968397283209,1
176,9,6,3,4,12,5,0,0,1,18,4,0,0,4.73238254222872,1
86,8,6,3,4,11,9,1,1,1,16,5,0,1,3.5957071161469027,1
55,1,0,0,3,3,2,0,1,0,15,1,0,0,2.8021803131496728,0
90,7,6,1,7,10,9,1,1,0,32,2,0,1,4.554109232585803,1
99,3,4,4,9,13,9,0,1,1,26,3,1,1,4.025476288808493,1
55,1,0,0,2,1,0,0,1,0,7,1,0,0,2.266502344758739,0
172,4,3,2,6,17,6,0,0,0,18,3,1,1,4.906044008412566,1
26,2,1,0,2,2,0,0,0,0,14,0,0,0,2.012178210555492,0
117,4,4,4,3,17,2,1,0,1,24,2,0,0,4.565156141889247,1
25,2,0,0,2,1,1,0,0,0,8,1,0,0,3.3402230574797573,0
172,4,2,2,9,14,2,0,0,1,37,2,1,1,3.5896076085968915,1
193,4,3,3,9,11,9,1,0,1,27,4,0,0,3.6471415493614723,1
112,5,5,4,9,13,6,0,0,0,25,4,0,1,4.997030772230785,1
148,4,6,4,7,17,5,1,0,1,39,3,1,0,4.105231212920757,1
150,4,7,2,7,18,4,1,1,0,26,4,1,1,4.208537930298151,1
16,2,0,0,2,0,1,0,1,0,10,1,0,0,2.9216734134741786,0
13,1,1,0,3,0,1,0,1,0,19,0,0,0,2.080868688314084,0
70,7,4,1,7,12,4,1,0,0,30,4,0,0,3.7403803909036566,1
19,2,1,0,2,2,2,0,0,1,17,1,0,0,2.915713267030518,0
67,6,3,3,4,7,7,1,1,1,20,2,0,1,4.967769701910969,1
160,4,2,2,9,14,9,0,0,1,18,3,1,0,4.386648198907989,1
27,1,1,0,1,1,1,0,1,0,14,1,0,0,2.111928583353062,0
154,6,3,4,7,7,7,0,1,0,38,5,1,0,4.630378038499242,1
121,5,7,1,5,19,2,1,1,1,16,4,0,0,3.5877607271741545,1
17,2,1,0,1,0,0,0,1,0,19,0,0,0,2.155010872181268,0
38,1,1,0,2,0,0,0,1,0,14,1,0,0,3.1975942235044865,0
178,8,7,3,5,19,5,0,0,1,30,2,0,0,3.6502565108021496,1
52,1,1,0,1,0,2,0,1,0,6,0,0,0,3.306173051452868,0
51,8,6,4,7,6,8,1,0,1,34,3,1,0,4.551411408526629,1
84,4,6,4,8,10,8,1,1,1,30,5,1,0,3.505043567484405,1
41,2,1,0,1,0,1,0,0,0,7,1,0,0,3.01084780679108,0
87,9,7,4,3,9,7,0,0,0,30,2,1,1,4.226176296502475,1
131,8,7,4,5,7,8,1,1,1,31,3,1,1,4.060416417610524,1
21,1,0,0,3,1,1,0,1,0,11,1,0,0,2.8099715781716306,0
195,3,7,4,9,11,5,1,1,1,26,3,0,1,4.624502753157936,1
174,9,3,1,4,6,9,0,0,1,29,2,1,0,3.5796091732570505,1
137,6,4,3,3,13,9,0,0,0,19,4,0,0,3.876576986658898,1
22,1,1,0,1,3,1,0,1,0,13,0,0,0,2.9536051673829036,0
184,3,3,4,8,9,9,1,0,0,17,3,0,1,4.962671760568589,1
24,1,1,0,2,1,0,0,0,1,11,1,0,0,2.6391278955090565,0
51,9,3,3,5,17,8,1,0,1,29,3,0,0,4.367671633779045,1
25,2,1,0,3,3,0,0,1,0,6,0,0,0,2.9485115610993624,0
44,1,0,0,3,2,0,0,1,1,13,0,0,0,2.729313032779764,0
39,1,0,0,2,3,0,0,0,0,8,0,0,0,2.2940438025552616,0
72,5,7,2,8,10,9,1,0,1,39,2,0,0,4.490636642216528,1
102,8,7,4,7,11,7,1,1,1,25,2,0,0,3.9363555802533896,1
16,2,0,0,3,2,1,0,1,0,8,1,0,0,2.3256978919076476,0
27,1,1,0,2,2,0,0,1,0,19,0,0,0,2.0969069721294815,0
36,1,1,0,1,0,2,0,1,0,16,1,0,0,2.176412951949731,0
19,2,0,0,2,4,0,0,1,0,6,0,0,0,2.818666228108416,0
156,4,6,1,8,15,2,0,0,1,20,3,1,1,3.65472899114985,1
67,9,2,2,4,7,8,1,0,0,32,4,0,1,3.5647512714218346,1
182,8,2,4,3,11,5,0,0,0,17,3,0,0,4.608905740777656,1
72,4,3,3,7,16,4,0,0,1,33,2,0,0,4.7636996108189384,1
177,5,3,4,6,8,9,1,0,1,33,2,0,1,3.8931408457699304,1
46,2,0,0,3,4,2,0,1,0,15,1,0,0,3.212317171475355,0
107,3,7,2,8,14,9,0,0,1,26,5,0,0,3.9192918281177285,1
181,9,6,4,4,11,4,1,0,1,15,2,1,1,4.121450617746492,1
40,1,1,0,2,3,0,0,1,0,11,0,0,0,2.1988791446074383,0
175,5,5,2,5,11,9,1,1,1,30,3,0,0,4.163124525784024,1
154,6,3,3,9,8,3,1,1,1,20,5,0,1,4.711335712216686,1
36,1,0,0,1,0,1,0,0,1,18,1,0,0,2.069851117271164,0
135,4,5,1,7,11,9,0,0,1,20,4,0,1,3.840531238330268,1
68,8,4,3,7,12,8,1,1,1,16,2,0,0,3.9797538849379506,1
130,4,4,4,8,10,5,0,0,0,22,4,0,0,4.34715259878701,1
28,1,1,0,2,2,1,0,1,0,5,0,0,0,3.4992240560357786,0
99,3,7,4,9,13,2,1,1,1,26,3,1,1,4.485518235331302,1
80,5,2,1,6,12,8,1,0,1,38,5,1,0,3.9401163650290925,1
109,7,4,2,5,6,7,1,1,1,37,3,0,1,4.119288905925609,1
146,7,6,3,9,10,8,1,0,0,37,3,0,1,4.617126039577857,1
133,6,5,2,8,11,4,1,0,1,27,5,1,0,3.962583819352491,1
115,4,7,1,9,8,2,1,1,0,22,4,1,1,3.6750588818037015,1
64,5,4,2,6,13,8,1,0,1,18,2,0,0,4.423968761615668,1
109,3,6,3,9,13,3,1,0,1,36,5,1,1,4.397876389194474,1
17,1,0,0,2,1,2,0,1,0,14,0,0,0,2.3427877215601165,0
28,2,0,0,1,2,0,0,1,0,16,0,0,0,3.4697014926985164,0
134,5,3,2,4,12,7,1,1,1,15,2,0,0,4.710699243067511,1
54,1,1,0,3,4,0,0,1,0,15,0,0,0,2.875401160165643,0
121,9,4,4,4,10,5,1,1,0,17,2,0,0,4.737545468365167,1
32,1,0,0,3,4,2,0,1,0,6,1,0,0,3.1956489606010177,0
23,1,0,0,3,3,2,0,1,0,13,0,0,0,2.3526456729061285,0
